Survived,Pclass,Name,Age,SibSp,Parch,Ticket,Fare,Sex_male,Embarked_Q,Embarked_S
0,3,"Braund, Mr. Owen Harris",-0.5283212965120344,1,0,A/5 21171,-0.7791170658826716,True,False,True
1,3,"Heikkinen, Miss. Laina",-0.21518215035509997,0,0,STON/O2. 3101282,-0.7293725041008279,False,False,True
1,1,"Futrelle, Mrs. Jacques Heath (Lily May Peel)",0.4893809284980025,1,0,113803,2.5998283529284842,False,False,True
0,3,"Allen, Mr. William Henry",0.4893809284980025,0,0,373450,-0.7201605482153013,True,False,True
0,3,"Moran, Mr. James",-0.058612577276632744,0,0,330877,-0.6900706155108173,True,True,False
0,1,"McCarthy, Mr. Timothy J",1.976791872743441,0,0,17463,2.5086299896617703,True,False,True
0,3,"Palsson, Master. Gosta Leonard",-2.0940170272967067,3,1,349909,0.23972525505656994,True,False,True
1,3,"Johnson, Mrs. Oscar W (Elisabeth Vilhelmina Berg)",-0.13689736381586634,0,2,347742,-0.4929347595605481,False,False,True
1,2,"Nasser, Mrs. Nicholas (Adele Achem)",-1.1545995888259033,1,0,237736,0.9026765570967311,False,False,False
1,3,"Sandstrom, Miss. Marguerite Rut",-1.9374474542182394,1,1,PP 9549,-0.08269320093686093,False,False,True
1,1,"Bonnell, Miss. Elizabeth",2.2899310189003756,0,0,113783,0.643208922842635,False,False,True
0,3,"Saundercock, Mr. William Henry",-0.6848908695905016,0,0,A/5. 2151,-0.7201605482153013,True,False,True
0,3,"Andersson, Mr. Anders Johan",0.802520074654937,1,5,347082,0.9914208553155401,True,False,True
0,3,"Vestrom, Miss. Hulda Amanda Adolfina",-1.1545995888259033,0,0,350406,-0.7345901559143904,False,False,True
1,2,"Hewlett, Mrs. (Mary D Kingcome) ",2.055076659282675,0,0,248706,-0.13428015389580983,False,False,True
0,3,"Rice, Master. Eugene",-2.0940170272967067,4,1,382652,0.8329752140844828,True,True,False
1,2,"Williams, Mr. Charles Eugene",-0.058612577276632744,0,0,244373,-0.3553670951484481,True,False,True
0,3,"Vander Planke, Mrs. Julius (Emelia Maria Vandemoortele)",0.1762417823410681,1,0,345763,0.013111140272615725,False,False,True
1,3,"Masselmani, Mrs. Fatima",-0.058612577276632744,0,0,2649,-0.7809594570597769,False,False,False
0,2,"Fynney, Mr. Joseph J",0.4893809284980025,0,0,239865,0.602676316946318,True,False,True
1,2,"Beesley, Mr. Lawrence",0.4110961419587689,0,0,248698,-0.3553670951484481,True,False,True
1,3,"McGowan, Miss. Anna ""Annie""",-1.0763148022866698,0,0,330923,-0.721693417674653,False,True,False
1,1,"Sloper, Mr. William Thompson",-0.058612577276632744,0,0,113788,1.3027849642463392,True,False,True
0,3,"Palsson, Miss. Torborg Danira",-1.624308308061305,3,1,349909,0.23972525505656994,False,False,True
1,3,"Asplund, Mrs. Carl Oscar (Selma Augusta Emilia Johansson)",0.7242352881157034,1,5,347077,0.9997116156125142,False,False,True
0,3,"Emir, Mr. Farred Chehab",-0.058612577276632744,0,0,2631,-0.7809594570597769,True,False,False
1,3,"O'Dwyer, Miss. Ellen ""Nellie""",-0.058612577276632744,0,0,330959,-0.7327477647372849,False,True,False
0,3,"Todoroff, Mr. Lalio",-0.058612577276632744,0,0,349216,-0.7315244169956868,True,False,True
0,1,"Uruchurtu, Don. Manuel E",0.8808048611941706,0,0,PC 17601,0.7294917864488313,True,False,False
1,3,"Glynn, Miss. Mary Agatha",-0.058612577276632744,0,0,335677,-0.7422692423405652,False,True,False
0,2,"Wheadon, Mr. Edward H",2.9162093112142444,0,0,C.A. 24579,-0.53960621285898,True,False,True
0,1,"Holverson, Mr. Alexander Oskar",1.0373744342726379,1,0,113789,2.51876314113585,True,False,True
1,3,"Mamee, Mr. Hanna",-0.058612577276632744,0,0,2677,-0.7806499353420233,True,False,False
0,3,"Cann, Mr. Ernest Charles",-0.6066060830512681,0,0,A./5. 2152,-0.7201605482153013,True,False,True
0,3,"Vander Planke, Miss. Augusta Maria",-0.8414604426689688,2,0,345764,0.013111140272615725,False,False,True
1,3,"Nicola-Yarred, Miss. Jamila",-1.1545995888259033,1,0,2651,-0.48494615141661945,False,False,False
0,3,"Ahlin, Mrs. Johan (Johanna Persdotter Larsson)",0.8808048611941706,1,0,7546,-0.6151442511202981,False,False,True
0,2,"Turpin, Mrs. William John Robert (Dorothy Ann Wonnacott)",-0.13689736381586634,1,0,11668,0.23419808152525404,False,False,True
0,3,"Kraeff, Mr. Theodor",-0.058612577276632744,0,0,349253,-0.7315244169956868,True,False,False
1,2,"Laroche, Miss. Simonne Marie Anne Andree",-2.015732240757473,1,2,SC/Paris 2123,1.7507955420006855,False,False,False
1,3,"Devaney, Miss. Margaret Delia",-0.7631756561297353,0,0,330958,-0.7327477647372849,False,True,False
0,3,"Rogers, Mr. William John",-0.058612577276632744,0,0,S.C./A.4. 23567,-0.7201605482153013,True,False,True
0,3,"Lennon, Mr. Denis",-0.058612577276632744,1,0,370371,-0.17112797743791622,True,True,False
1,3,"O'Driscoll, Miss. Bridget",-0.058612577276632744,0,0,14311,-0.7422692423405652,False,True,False
0,3,"Samaan, Mr. Youssef",-0.058612577276632744,2,0,2662,0.28425216502485146,True,False,False
0,3,"Arnold-Franchi, Mrs. Josef (Josefine Franchi)",-0.8414604426689688,1,0,349237,-0.001627989144226776,False,False,True
0,3,"Panula, Master. Juha Niilo",-1.7025930946005385,4,1,3101295,1.6113854864114803,True,False,True
0,3,"Nosworthy, Mr. Richard Cater",-0.6066060830512681,0,0,A/4. 39886,-0.7385844599863545,True,False,True
1,2,"Faunthorpe, Mrs. Lizzie (Elizabeth Anne Wilkinson)",0.01967220926260087,1,0,2926,0.602676316946318,False,False,True
0,1,"Ostby, Mr. Engelhart Cornelius",2.8379245246750107,0,1,113509,3.254186742518626,True,False,False
1,1,"Woolner, Mr. Hugh",-0.058612577276632744,0,0,19947,1.3027849642463392,True,False,True
1,2,"Rugg, Miss. Emily",-0.6066060830512681,0,0,C.A. 31026,-0.53960621285898,False,False,True
0,3,"Novel, Mr. Mansouer",-0.019470184007015934,0,0,2697,-0.7806499353420233,True,False,False
1,2,"West, Miss. Constance Mirium",-1.8591626676790058,1,2,C.A. 34651,0.7316436993436902,False,False,True
0,3,"Goodwin, Master. William Frederick",-1.3894539484436041,5,2,CA 2144,2.142915341006365,True,False,True
0,3,"Sirayanian, Mr. Orsen",-0.5283212965120344,0,0,2669,-0.7806499353420233,True,False,False
0,3,"Skoog, Master. Harald",-1.9374474542182394,3,2,347088,0.7426980464063221,True,False,True
0,1,"Stewart, Mr. Albert A",-0.058612577276632744,0,0,PC 17605,0.7294917864488313,True,False,False
1,3,"Moubarek, Master. Gerios",-0.058612577276632744,1,1,2661,-0.18986141092672315,True,False,False
1,2,"Nye, Mrs. (Elizabeth Ramell)",0.01967220926260087,0,0,C.A. 29395,-0.53960621285898,False,False,True
0,3,"Crease, Mr. Ernest James",-0.7631756561297353,0,0,S.P. 3464,-0.7121793096360811,True,False,True
1,3,"Andersson, Miss. Erna Alexandra",-0.9197452292082025,4,2,3101281,-0.7293725041008279,False,False,True
0,3,"Kink, Mr. Vincenz",-0.21518215035509997,2,0,315151,-0.6750219643762211,True,False,True
0,2,"Jenkin, Mr. Stephen Curnow",0.25452656888030173,0,0,C.A. 33111,-0.53960621285898,True,False,True
0,3,"Goodwin, Miss. Lillian Amy",-0.9980300157474361,5,2,CA 2144,2.142915341006365,False,False,True
0,3,"Chronopoulos, Mr. Apostolos",-0.21518215035509997,1,0,2680,-0.2481988851585859,True,False,False
1,3,"Bing, Mr. Lee",0.25452656888030173,0,0,1601,2.850084031297054,True,False,True
0,3,"Moen, Mr. Sigurd Hansen",-0.29346693689433356,0,0,348123,-0.7496388070489864,True,False,True
0,3,"Staneff, Mr. Ivan",-0.058612577276632744,0,0,349208,-0.7315244169956868,True,False,True
0,3,"Moutal, Mr. Rahamin Haim",-0.058612577276632744,0,0,374746,-0.7201605482153013,True,False,True
1,2,"Caldwell, Master. Alden Gates",-2.18561022754761,0,2,248738,0.8237632581989562,True,False,True
1,3,"Dowdell, Miss. Elizabeth",0.09795699580183448,0,0,364516,-0.39405730986765986,False,False,True
0,3,"Waelens, Mr. Achille",-0.5283212965120344,0,0,345767,-0.6501496834852992,True,False,True
1,3,"Sheerlinck, Mr. Jan Baptist",0.01967220926260087,0,0,345779,-0.6133018599431929,True,False,True
1,3,"McDermott, Miss. Brigdet Delia",-0.058612577276632744,0,0,330932,-0.7395056555749072,False,True,False
0,1,"Carrau, Mr. Francisco M",-0.058612577276632744,0,0,113059,2.1576544704232075,True,False,True
1,2,"Ilett, Miss. Bertha",-0.9197452292082025,0,0,SO/C 14885,-0.53960621285898,False,False,True
1,3,"Backstrom, Mrs. Karl Alfred (Maria Mathilda Gustafsson)",0.3328113554195353,3,0,3101278,-0.14533450095844175,False,False,True
0,3,"Ford, Mr. William Neal",-0.9980300157474361,1,3,W./C. 6608,1.2198773612765998,True,False,True
0,3,"Slocovski, Mr. Selman Francis",-0.058612577276632744,0,0,SOTON/OQ 392086,-0.7201605482153013,True,False,True
0,3,"Celotti, Mr. Francesco",-0.37175172343356716,0,0,343275,-0.7201605482153013,True,False,True
0,3,"Christmann, Mr. Emil",0.01967220926260087,0,0,343276,-0.7201605482153013,True,False,True
0,3,"Andreasson, Mr. Paul Edvin",-0.6848908695905016,0,0,347466,-0.7345901559143904,True,False,True
0,1,"Chaffee, Mr. Herbert Fuller",1.3505135804295723,1,0,W.E.P. 5734,3.194920703133502,True,False,True
0,3,"Dean, Mr. Bertram Frank",-0.21518215035509997,1,2,C.A. 2315,0.20287743151446355,True,False,True
0,3,"Coxon, Mr. Daniel",2.3682158054396094,0,0,364500,-0.7791170658826716,True,False,True
0,3,"Shorney, Mr. Charles Joseph",-0.058612577276632744,0,0,374910,-0.7201605482153013,True,False,True
0,1,"Goldschmidt, Mr. George B",3.3076332439104124,0,0,PC 17754,1.2404531859425123,True,False,False
1,1,"Greenfield, Mr. William Bertram",-0.4500365099728008,0,1,PC 17759,3.355820409412464,True,False,False
1,2,"Doling, Mrs. John T (Ada Julia Bone)",0.4110961419587689,0,1,231919,0.38158937569367957,False,False,True
0,2,"Kantor, Mr. Sinai",0.4110961419587689,1,0,244367,0.602676316946318,True,False,True
0,3,"Petranec, Miss. Matilda",-0.058612577276632744,0,0,349245,-0.7315244169956868,False,False,True
0,3,"Petroff, Mr. Pastcho (""Pentcho"")",-0.058612577276632744,0,0,349215,-0.7315244169956868,True,False,True
0,3,"Johansson, Mr. Gustaf Joel",0.3328113554195353,0,0,7540,-0.67563363824702,True,False,True
0,3,"Gustafsson, Mr. Anders Vilhelm",0.6459505015764697,2,0,3101276,-0.7293725041008279,True,False,True
0,3,"Mionoff, Mr. Stoytcho",-0.058612577276632744,0,0,349207,-0.7315244169956868,True,False,True
1,3,"Salkjelsvik, Miss. Anna Kristine",-0.6066060830512681,0,0,343120,-0.7496388070489864,False,False,True
1,3,"Moss, Mr. Albert Johan",-0.058612577276632744,0,0,312991,-0.7404268511634599,True,False,True
0,3,"Rekic, Mr. Tido",0.7242352881157034,0,0,349249,-0.7315244169956868,True,False,True
1,3,"Moran, Miss. Bertha",-0.058612577276632744,1,0,371110,0.46633936984052415,False,True,False
0,1,"Porter, Mr. Walter Chamberlain",1.4287983669688058,0,0,110465,2.51876314113585,True,False,True
0,3,"Zabour, Miss. Hileni",-1.1154571955562864,1,0,2665,-0.2481988851585859,False,False,False
0,3,"Barton, Mr. David John",-0.5283212965120344,0,0,324669,-0.7201605482153013,True,False,True
0,3,"Jussila, Miss. Katriina",-0.6848908695905016,1,0,4136,-0.5893507746408237,False,False,True
0,3,"Attalah, Miss. Malake",-0.9197452292082025,0,0,2627,-0.2478967330055407,False,False,False
0,3,"Pekoniemi, Mr. Edvard",-0.6066060830512681,0,0,STON/O 2. 3101294,-0.7293725041008279,True,False,True
0,3,"Connors, Mr. Patrick",3.268490850640796,0,0,370369,-0.7422692423405652,True,True,False
0,2,"Turpin, Mr. William John Robert",0.01967220926260087,1,0,11668,0.23419808152525404,True,False,True
0,3,"Andersson, Miss. Ellis Anna Maria",-2.0940170272967067,4,2,347082,0.9914208553155401,False,False,True
0,3,"Moore, Mr. Leonard Charles",-0.058612577276632744,0,0,A4. 54510,-0.7201605482153013,True,False,True
0,2,"Nasser, Mr. Nicholas",0.2936689621499185,1,0,237736,0.9026765570967311,True,False,False
1,2,"Webber, Miss. Susan",0.2936689621499185,0,0,27267,-0.3553670951484481,False,False,True
1,3,"Nicola-Yarred, Master. Elias",-1.3111691619043706,1,0,2651,-0.48494615141661945,True,False,False
0,3,"McMahon, Mr. Martin",-0.058612577276632744,0,0,370372,-0.7422692423405652,True,True,False
1,3,"Madsen, Mr. Fridtjof Arne",-0.37175172343356716,0,0,C 17369,-0.7870983044618918,True,False,True
1,3,"Peter, Miss. Anna",-0.058612577276632744,1,1,2668,0.33429887895974025,False,False,False
0,3,"Ekstrom, Mr. Johan",1.2722287938903387,0,0,347061,-0.7993833688308302,True,False,True
0,3,"Drazenoic, Mr. Jozef",0.3328113554195353,0,0,349241,-0.7315244169956868,True,False,False
0,3,"Coelho, Mr. Domingos Fernandeo",-0.6848908695905016,0,0,SOTON/O.Q. 3101307,-0.7938561952995141,True,False,True
0,3,"Robins, Mrs. Alexander A (Grace Charity Laury)",1.4287983669688058,1,0,A/5. 3337,-0.24482362452212897,False,False,True
1,2,"Weisz, Mrs. Leopold (Mathilde Francoise Pede)",0.01967220926260087,1,0,228414,0.602676316946318,False,False,True
0,2,"Sobey, Mr. Samuel James Hayden",-0.29346693689433356,0,0,C.A. 29178,-0.3553670951484481,True,False,True
0,2,"Richard, Mr. Emile",-0.4500365099728008,0,0,SC/PARIS 2133,-0.20460054034356565,True,False,False
1,1,"Newsom, Miss. Helen Monypeny",-0.7631756561297353,0,2,11752,0.6235542937652754,False,False,True
0,1,"Futrelle, Mr. Jacques Heath",0.6459505015764697,1,0,113803,2.5998283529284842,True,False,True
0,3,"Osen, Mr. Olaf Elon",-0.9980300157474361,0,0,7534,-0.6341798367621504,True,False,True
0,3,"Boulos, Mrs. Joseph (Sultana)",-0.058612577276632744,0,2,2678,-0.18986141092672315,False,False,False
1,3,"Nysten, Miss. Anna Sofia",-0.5283212965120344,0,0,347081,-0.7422692423405652,False,False,True
1,3,"Hakkarainen, Mrs. Pekka Pietari (Elin Matilda Dolck)",-0.37175172343356716,1,0,STON/O2. 3101279,-0.14533450095844175,False,False,True
0,3,"Burke, Mr. Jeremiah",-0.7631756561297353,0,0,365222,-0.815964889424778,True,True,False
0,2,"Andrew, Mr. Edgardo Samuel",-0.8414604426689688,0,0,231945,-0.4659105657747673,True,False,True
0,2,"Nicholls, Mr. Joseph Charles",-0.7631756561297353,1,1,C.A. 33112,1.3949045231016053,True,False,True
1,3,"Andersson, Mr. August Edvard (""Wennerstrom"")",-0.13689736381586634,0,0,350043,-0.7388939817041082,True,False,True
0,3,"Ford, Miss. Robina Maggie ""Ruby""",-1.5460235215220715,2,2,W./C. 6608,1.2198773612765998,False,False,True
0,2,"Navratil, Mr. Michel (""Louis M Hoffman"")",0.606808108306853,0,2,230080,0.602676316946318,True,False,True
0,2,"Byles, Rev. Thomas Roussel Davids",1.0373744342726379,0,0,244310,-0.3553670951484481,True,False,True
0,2,"Bateman, Rev. Robert James",1.7419375131257404,0,0,S.O.P. 1166,-0.3903725275134492,True,False,True
0,3,"Meo, Mr. Alfonzo",2.0942190525522917,0,0,A.5. 11206,-0.7201605482153013,True,False,True
0,3,"van Billiard, Mr. Austin Blyler",0.9199472544637874,0,2,A/5. 851,-0.24482362452212897,True,False,True
0,3,"Olsen, Mr. Ole Martin",-0.058612577276632744,0,0,Fa 265302,-0.7745110879399083,True,False,True
0,1,"Williams, Mr. Charles Duane",1.7419375131257404,0,1,PC 17597,3.209969354268098,True,False,False
1,3,"Gilnagh, Miss. Katherine ""Katie""",-0.9980300157474361,0,0,35851,-0.7434999596468715,False,True,False
0,3,"Corn, Mr. Harry",0.09795699580183448,0,0,SOTON/OQ 392090,-0.7201605482153013,True,False,True
0,3,"Smiljanic, Mr. Mile",-0.058612577276632744,0,0,315037,-0.6750219643762211,True,False,True
0,3,"Cribb, Mr. John Hatfield",1.193944007351105,0,1,371362,-0.12691058918738843,True,False,True
1,2,"Watt, Mrs. James (Elizabeth ""Bessie"" Inglis Milne)",0.8808048611941706,0,0,C.A. 33595,-0.152704065666863,False,False,True
0,3,"Bengtsson, Mr. John Viktor",-0.21518215035509997,0,0,347068,-0.7404268511634599,True,False,True
0,3,"Calic, Mr. Jovo",-0.9197452292082025,0,0,315093,-0.6750219643762211,True,False,True
0,3,"Panula, Master. Eino Viljami",-2.1723018138359405,4,1,3101295,1.6113854864114803,True,False,True
1,3,"Goldsmith, Master. Frank John William ""Frankie""",-1.5460235215220715,0,2,363291,0.19919264916025287,True,False,True
1,1,"Chibnall, Mrs. (Edith Martha Bowerman)",-0.058612577276632744,0,1,113505,2.739850082388488,False,False,True
0,3,"Skoog, Mrs. William (Anna Bernhardina Karlsson)",1.2722287938903387,1,4,347088,0.7426980464063221,False,False,True
0,1,"Baumann, Mr. John D",-0.058612577276632744,0,0,PC 17318,0.597149143415002,True,False,True
0,3,"Ling, Mr. Lee",-0.058612577276632744,0,0,1601,2.850084031297054,True,False,True
0,1,"Van der hoef, Mr. Wyckoff",2.5247853785180765,0,0,111240,1.1553936700779137,True,False,True
0,3,"Rice, Master. Arthur",-1.9374474542182394,4,1,382652,0.8329752140844828,True,True,False
1,3,"Johnson, Miss. Eleanor Ileen",-2.1723018138359405,1,1,347742,-0.4929347595605481,False,False,True
0,3,"Sivola, Mr. Antti Wilhelm",-0.6066060830512681,0,0,STON/O 2. 3101280,-0.7293725041008279,True,False,True
0,1,"Smith, Mr. James Clinch",2.1333614458219086,0,0,17764,0.9487363365243642,True,False,False
0,3,"Klasen, Mr. Klas Albin",-0.8414604426689688,1,1,350404,-0.7345901559143904,True,False,True
0,3,"Lefebre, Master. Henry Forbes",-0.058612577276632744,3,1,4133,0.5633744283563072,True,False,True
0,1,"Isham, Miss. Ann Elizabeth",1.6636527265865066,0,0,PC 17595,0.8025757596622449,False,False,False
0,2,"Hale, Mr. Reginald",0.09795699580183448,0,0,250653,-0.3553670951484481,True,False,True
0,3,"Leonard, Mr. Lionel",0.5676657150372362,0,0,LINE,-1.313410507243214,True,False,True
0,2,"Pernot, Mr. Rene",-0.058612577276632744,0,0,SC/PARIS 2131,-0.2042910186258119,True,False,False
0,3,"Asplund, Master. Clarence Gustaf Hugo",-1.5460235215220715,4,2,347077,0.9997116156125142,True,False,True
1,2,"Becker, Master. Richard F",-2.1723018138359405,2,1,230136,1.560719729041084,True,False,True
1,3,"Kink-Heilmann, Miss. Luise Gretchen",-1.9374474542182394,0,2,315153,0.309736119786572,False,False,True
0,1,"Rood, Mr. Hugh Roscoe",-0.058612577276632744,0,0,113767,2.3713718469674245,True,False,True
1,3,"O'Brien, Mrs. Thomas (Johanna ""Hannah"" Godfrey)",-0.058612577276632744,1,0,370365,-0.17112797743791622,False,True,False
1,1,"Romaine, Mr. Charles Hallace (""Mr C Rolmane"")",1.2722287938903387,0,0,111428,0.643208922842635,True,False,True
0,3,"Bourke, Mr. John",0.8808048611941706,1,1,364849,-0.17112797743791622,True,True,False
0,3,"Turcin, Mr. Stjepan",0.5676657150372362,0,0,349247,-0.7315244169956868,True,False,True
1,2,"Pinsky, Mrs. (Rosa)",0.25452656888030173,0,0,234604,-0.3553670951484481,False,False,True
0,2,"Carbines, Mr. William",-0.7631756561297353,0,0,28424,-0.3553670951484481,True,False,True
1,3,"Andersen-Jensen, Miss. Carla Christine Nielsine",-0.7631756561297353,1,0,350046,-0.7345901559143904,False,False,True
1,2,"Navratil, Master. Michel M",-2.015732240757473,1,1,230080,0.602676316946318,True,False,True
1,1,"Brown, Mrs. James Joseph (Margaret Tobin)",1.193944007351105,0,0,PC 17610,0.7294917864488313,False,False,False
0,3,"Mernagh, Mr. Robert",-0.058612577276632744,0,0,368703,-0.7422692423405652,True,True,False
0,3,"Olsen, Mr. Karl Siegwart Andreas",1.0373744342726379,0,1,4579,-0.6940575500180732,True,False,True
1,3,"Madigan, Miss. Margaret ""Maggie""",-0.058612577276632744,0,0,370370,-0.7422692423405652,False,True,False
0,2,"Yrois, Miss. Henriette (""Mrs Harbeck"")",-0.37175172343356716,0,0,248747,-0.3553670951484481,False,False,True
0,3,"Vande Walle, Mr. Nestor Cyriel",-0.058612577276632744,0,0,345770,-0.6133018599431929,True,False,True
0,3,"Johanson, Mr. Jakob Alfred",0.4110961419587689,0,0,3101264,-0.8346983229135849,True,False,True
0,3,"Youseff, Mr. Gerious",1.3113711871599554,0,0,2628,-0.7809594570597769,True,False,False
1,3,"Cohen, Mr. Gurshon ""Gus""",-0.8414604426689688,0,0,A/5 3540,-0.7201605482153013,True,False,True
0,3,"Strom, Miss. Telma Matilda",-2.0940170272967067,0,1,347054,-0.542369799624638,False,False,True
0,3,"Backstrom, Mr. Karl Alfred",0.25452656888030173,1,0,3101278,-0.14533450095844175,True,False,True
1,3,"Albimona, Mr. Nassef Cassem",-0.21518215035509997,0,0,2699,0.07114646235143339,True,False,False
1,3,"Carr, Miss. Helen ""Ellen""",-0.9980300157474361,0,0,367231,-0.7422692423405652,False,True,False
1,1,"Blank, Mr. Henry",0.8808048611941706,0,0,112277,0.9711545523673818,True,False,False
0,3,"Ali, Mr. Ahmed",-0.37175172343356716,0,0,SOTON/O.Q. 3101311,-0.7938561952995141,True,False,True
1,2,"Cameron, Miss. Clear Annie",0.4893809284980025,0,0,F.C.C. 13528,0.23419808152525404,False,False,True
0,3,"Perkin, Mr. John Henry",-0.5283212965120344,0,0,A/5 21174,-0.7791170658826716,True,False,True
0,2,"Givard, Mr. Hans Kristensen",0.09795699580183448,0,0,250646,-0.3553670951484481,True,False,True
0,3,"Kiernan, Mr. Philip",-0.058612577276632744,1,0,367229,-0.7422692423405652,True,True,False
1,3,"Honkanen, Miss. Eliina",-0.13689736381586634,0,0,STON/O2. 3101283,-0.7293725041008279,False,False,True
0,2,"Jacobsohn, Mr. Sidney Samuel",1.0373744342726379,1,0,243847,0.6763719640305307,True,False,True
0,2,"Harris, Mr. Walter",0.09795699580183448,0,0,W/C 14208,-0.53960621285898,True,False,True
1,3,"Sunderland, Mr. Victor Francis",-0.9980300157474361,0,0,SOTON/OQ 392089,-0.7201605482153013,True,False,True
0,2,"Bracken, Mr. James H",-0.13689736381586634,0,0,220367,-0.3553670951484481,True,False,True
0,3,"Green, Mr. George Henry",1.7419375131257404,0,0,21440,-0.7201605482153013,True,False,True
0,3,"Nenkoff, Mr. Christo",-0.058612577276632744,0,0,349234,-0.7315244169956868,True,False,True
0,3,"Berglund, Mr. Karl Ivar Sven",-0.5283212965120344,0,0,PP 4348,-0.6243562070058247,True,False,True
1,2,"Mellors, Mr. William John",-0.7631756561297353,0,0,SW/PP 751,-0.53960621285898,True,False,True
0,3,"Lovell, Mr. John Hall (""Henry"")",-0.6457484763208848,0,0,A/5 21173,-0.7791170658826716,True,False,True
0,2,"Fahlstrom, Mr. Arne Jonas",-0.8414604426689688,0,0,236171,-0.3553670951484481,True,False,True
0,3,"Lefebre, Miss. Mathilde",-0.058612577276632744,3,1,4133,0.5633744283563072,False,False,True
0,3,"Larsson, Mr. Bengt Edvin",0.01967220926260087,0,0,347067,-0.7404268511634599,True,False,True
0,2,"Sjostedt, Mr. Ernst Adolf",2.3682158054396094,0,0,237442,-0.31851927160634175,True,False,True
1,3,"Asplund, Miss. Lillian Gertrud",-1.8591626676790058,4,2,347077,0.9997116156125142,False,False,True
0,2,"Leyson, Mr. Robert William Norman",-0.37175172343356716,0,0,C.A. 29566,-0.53960621285898,True,False,True
0,3,"Harknett, Miss. Alice Phoebe",-0.058612577276632744,0,0,W./C. 6609,-0.7570083717574076,False,False,True
0,2,"Hold, Mr. Stephen",1.193944007351105,1,0,26707,0.602676316946318,True,False,True
1,2,"Collyer, Miss. Marjorie ""Lottie""",-1.624308308061305,0,2,C.A. 31921,0.6211002287173711,False,False,True
0,2,"Pengelly, Mr. Frederick William",-0.7631756561297353,0,0,28665,-0.53960621285898,True,False,True
0,2,"Hunt, Mr. George Henry",0.3328113554195353,0,0,SCO/W 1585,-0.4087964392845024,True,False,True
0,3,"Zabour, Miss. Thamine",-0.058612577276632744,1,0,2665,-0.2481988851585859,False,False,False
1,3,"Murphy, Miss. Katherine ""Kate""",-0.058612577276632744,1,0,367230,-0.17112797743791622,False,True,False
0,2,"Coleridge, Mr. Reginald Charles",0.01967220926260087,0,0,W./C. 14263,-0.53960621285898,True,False,True
0,3,"Maenpaa, Mr. Matti Alexanteri",-0.5283212965120344,0,0,STON/O 2. 3101275,-0.7883290217681982,True,False,True
0,3,"Attalah, Mr. Sleiman",0.09795699580183448,0,0,2694,-0.7809594570597769,True,False,False
0,3,"Lindahl, Miss. Agda Thorilda Viktoria",-0.29346693689433356,0,0,347071,-0.7404268511634599,False,False,True
1,2,"Hamalainen, Mrs. William (Anna)",-0.37175172343356716,0,2,250649,-0.24482362452212897,False,False,True
1,1,"Beckwith, Mr. Richard Leonard",0.6459505015764697,1,1,11751,2.559605268749921,True,False,True
0,2,"Carter, Rev. Ernest Courtenay",1.976791872743441,1,0,244252,0.602676316946318,True,False,True
0,3,"Reed, Mr. James George",-0.058612577276632744,0,0,362316,-0.7791170658826716,True,False,True
0,3,"Strom, Mrs. Wilhelm (Elna Matilda Persson)",0.01967220926260087,1,1,347054,-0.542369799624638,False,False,True
0,1,"Stead, Mr. William Thomas",2.60307016505731,0,0,113514,0.643208922842635,True,False,True
0,3,"Lobb, Mr. William Arthur",0.09795699580183448,1,0,A/5. 3336,-0.12691058918738843,True,False,True
0,3,"Rosblom, Mrs. Viktor (Helena Wilhelmina)",0.9590896477334042,0,2,370129,0.1761627594464364,False,False,True
1,3,"Touma, Mrs. Darwis (Hanne Youssef Razi)",0.01967220926260087,0,2,2650,-0.18986141092672315,False,False,False
1,2,"Parrish, Mrs. (Lutie Davis)",1.6636527265865066,0,1,230433,0.602676316946318,False,False,True
0,3,"Smith, Mr. Thomas",-0.058612577276632744,0,0,384461,-0.7422692423405652,True,True,False
1,3,"Asplund, Master. Edvin Rojj Felix",-2.015732240757473,4,2,347077,0.9997116156125142,True,False,True
0,1,"Harrison, Mr. William",0.8808048611941706,0,0,112059,-1.313410507243214,True,False,True
0,3,"Henry, Miss. Delia",-0.058612577276632744,0,0,382649,-0.7422692423405652,False,True,False
0,2,"Reeves, Mr. David",0.5676657150372362,0,0,C.A. 17248,-0.53960621285898,True,False,True
0,3,"Panula, Mr. Ernesti Arvid",-0.9980300157474361,4,1,3101295,1.6113854864114803,True,False,True
1,3,"Persson, Mr. Ernst Ulrik",-0.29346693689433356,1,0,347083,-0.7404268511634599,True,False,True
0,1,"Cairns, Mr. Alexander",-0.058612577276632744,0,0,113798,0.9711545523673818,True,False,True
1,3,"Tornquist, Mr. William Henry",-0.29346693689433356,0,0,LINE,-1.313410507243214,True,False,True
1,2,"Mellinger, Mrs. (Elizabeth Anne Maidment)",0.9590896477334042,0,1,250644,0.12365461089893488,False,False,True
0,1,"Natsch, Mr. Charles H",0.6459505015764697,0,1,PC 17596,0.8753502111579051,True,False,False
1,3,"Healy, Miss. Hanora ""Nora""",-0.058612577276632744,0,0,370375,-0.7422692423405652,False,True,False
0,3,"Lindblom, Miss. Augusta Charlotta",1.2722287938903387,0,0,347073,-0.7422692423405652,False,False,True
0,2,"Parkes, Mr. Francis ""Frank""",-0.058612577276632744,0,0,239853,-1.313410507243214,True,False,True
0,3,"Rice, Master. Eric",-1.7025930946005385,4,1,382652,0.8329752140844828,True,True,False
1,3,"Abbott, Mrs. Stanton (Rosa Hunt)",0.4893809284980025,1,1,C.A. 2673,0.17892634621209447,False,False,True
0,3,"Duane, Mr. Frank",2.8379245246750107,0,0,336439,-0.7422692423405652,True,True,False
0,3,"Olsson, Mr. Nils Johan Goransson",-0.058612577276632744,0,0,347464,-0.7345901559143904,True,False,True
0,3,"de Pelsmaeker, Mr. Alfons",-0.9980300157474361,0,0,345778,-0.6133018599431929,True,False,True
1,3,"Dorking, Mr. Edward Arthur",-0.7631756561297353,0,0,A/5. 10482,-0.7201605482153013,True,False,True
0,1,"Smith, Mr. Richard William",-0.058612577276632744,0,0,113056,0.602676316946318,True,False,True
0,3,"Stankovic, Mr. Ivan",0.3328113554195353,0,0,349239,-0.6750219643762211,True,False,False
1,3,"de Mulder, Mr. Theodore",0.09795699580183448,0,0,345774,-0.6133018599431929,True,False,True
0,3,"Naidenoff, Mr. Penko",-0.5283212965120344,0,0,349206,-0.7315244169956868,True,False,True
1,2,"Hosono, Mr. Masabumi",1.0373744342726379,0,0,237798,-0.3553670951484481,True,False,True
1,3,"Connolly, Miss. Kate",-0.5283212965120344,0,0,370373,-0.7422692423405652,False,True,False
0,2,"Levy, Mr. Rene Jacques",0.5676657150372362,0,0,SC/Paris 2163,-0.36457905103397475,True,False,False
0,3,"Haas, Miss. Aloisia",-0.37175172343356716,0,0,349236,-0.6612040305479312,False,False,True
0,3,"Mineff, Mr. Ivan",-0.37175172343356716,0,0,349233,-0.7315244169956868,True,False,True
0,1,"Lewy, Mr. Ervin G",-0.058612577276632744,0,0,PC 17612,0.7294917864488313,True,False,False
0,3,"Hanna, Mr. Mansour",-0.410894116703184,0,0,2693,-0.7806499353420233,True,False,False
1,1,"Saalfeld, Mr. Adolphe",-0.058612577276632744,0,0,19988,0.9343067288252753,True,False,True
1,3,"Kelly, Miss. Anna Katherine ""Annie Kate""",-0.058612577276632744,0,0,9234,-0.7422692423405652,False,True,False
1,3,"McCoy, Mr. Bernard",-0.058612577276632744,2,0,367226,0.4000132874647328,True,True,False
0,3,"Johnson, Mr. William Cahoone Jr",-0.7631756561297353,0,0,LINE,-1.313410507243214,True,False,True
1,2,"Keane, Miss. Nora A",-0.058612577276632744,0,0,226593,-0.40326926575318645,False,True,False
0,3,"Williams, Mr. Howard Hugh ""Harry""",-0.058612577276632744,0,0,A/5 2466,-0.7201605482153013,True,False,True
0,2,"Abelson, Mr. Samuel",0.09795699580183448,1,0,P/PP 3381,0.45528502277789235,True,False,False
1,1,"Francatelli, Miss. Laura Mabel",0.09795699580183448,0,0,PC 17485,2.882023724743352,False,False,False
0,2,"Lahtinen, Mrs. William (Anna Sylfven)",-0.21518215035509997,1,1,250651,0.602676316946318,False,False,True
0,3,"Hendekovic, Mr. Ignjac",-0.058612577276632744,0,0,349243,-0.7315244169956868,True,False,True
0,2,"Hart, Mr. Benjamin",1.1156592208118714,1,1,F.C.C. 13529,0.6211002287173711,True,False,True
1,3,"Nilsson, Miss. Helmina Josefina",-0.21518215035509997,0,0,347470,-0.7345901559143904,False,False,True
1,2,"Kantor, Mrs. Sinai (Miriam Sternin)",-0.37175172343356716,1,0,244367,0.602676316946318,False,False,True
0,2,"Moraweck, Dr. Ernest",1.976791872743441,0,0,29011,-0.2816714480642354,True,False,True
0,3,"Dennis, Mr. Samuel",-0.5283212965120344,0,0,A/5 21172,-0.7791170658826716,True,False,True
0,3,"Danoff, Mr. Yoto",-0.13689736381586634,0,0,349219,-0.7315244169956868,True,False,True
1,2,"Slayter, Miss. Hilda Mary",0.09795699580183448,0,0,234818,-0.40326926575318645,False,True,False
1,2,"Caldwell, Mrs. Albert Francis (Sylvia Mae Harbaugh)",-0.5283212965120344,1,1,248738,0.8237632581989562,False,False,True
0,3,"Nysveen, Mr. Johan Hansen",2.5247853785180765,0,0,345364,-0.853733908555437,True,False,True
1,2,"Ball, Mrs. (Ada E Hall)",0.5676657150372362,0,0,28551,-0.3553670951484481,False,False,True
1,3,"Goldsmith, Mrs. Frank John (Emily Alice Brown)",0.1762417823410681,1,1,363291,0.19919264916025287,False,False,True
1,1,"Hippach, Miss. Jean Gertrude",-0.9980300157474361,0,1,111361,2.959404154181775,False,False,False
1,3,"McCoy, Miss. Agnes",-0.058612577276632744,2,0,367226,0.4000132874647328,False,True,False
0,1,"Partner, Mr. Austen",1.3113711871599554,0,0,113043,0.7869154346568499,True,False,True
0,3,"Vander Planke, Mr. Leo Edmondus",-0.9980300157474361,2,0,345764,0.013111140272615725,True,False,True
0,3,"Denkoff, Mr. Mitto",-0.058612577276632744,0,0,349225,-0.7315244169956868,True,False,True
1,3,"Dahl, Mr. Karl Edwart",1.2722287938903387,0,0,7598,-0.7201605482153013,True,False,True
0,1,"Blackwell, Mr. Stephen Weart",1.2722287938903387,0,0,113784,1.3027849642463392,True,False,True
1,2,"Navratil, Master. Edmond Roger",-2.0940170272967067,1,1,230080,0.602676316946318,True,False,True
0,2,"Collander, Mr. Erik Gustaf",-0.058612577276632744,0,0,248740,-0.3553670951484481,True,False,True
0,2,"Sedgwick, Mr. Charles Frederick Waddington",-0.29346693689433356,0,0,244361,-0.3553670951484481,True,False,True
0,2,"Fox, Mr. Stanley Hubert",0.5676657150372362,0,0,229236,-0.3553670951484481,True,False,True
1,2,"Brown, Miss. Amelia ""Mildred""",-0.37175172343356716,0,0,248733,-0.3553670951484481,False,False,True
1,2,"Smith, Miss. Marion Elsie",0.8808048611941706,0,0,31418,-0.3553670951484481,False,False,True
1,3,"Davison, Mrs. Thomas Henry (Mary E Finck)",-0.058612577276632744,1,0,386525,-0.12691058918738843,False,False,True
1,3,"Coutts, Master. William Loch ""William""",-2.015732240757473,1,1,C.A. 37671,-0.14164971860423106,True,False,True
0,3,"Dimic, Mr. Jovan",1.0373744342726379,0,0,315088,-0.6750219643762211,True,False,True
0,3,"Odahl, Mr. Nils Martin",-0.4500365099728008,0,0,7267,-0.6335681628913514,True,False,True
0,1,"Williams-Lambert, Mr. Fletcher Fellows",-0.058612577276632744,0,0,113510,1.2659371407042328,True,False,True
0,3,"Elias, Mr. Tannous",-1.0763148022866698,1,1,2695,-0.7806499353420233,True,False,False
0,3,"Arnold-Franchi, Mr. Josef",-0.29346693689433356,1,0,349237,-0.001627989144226776,True,False,True
0,3,"Yousif, Mr. Wazli",-0.058612577276632744,0,0,2647,-0.7809594570597769,True,False,False
0,3,"Vanden Steen, Mr. Leo Peter",-0.058612577276632744,0,0,345783,-0.6133018599431929,True,False,True
1,1,"Bowerman, Miss. Elsie Edith",-0.5283212965120344,0,1,113505,2.739850082388488,False,False,True
0,2,"Funk, Miss. Annie Clemmer",0.7242352881157034,0,0,237671,-0.3553670951484481,False,False,True
1,3,"McGovern, Miss. Mary",-0.058612577276632744,0,0,330931,-0.7327477647372849,False,True,False
1,3,"Mockler, Miss. Helen Mary ""Ellie""",-0.058612577276632744,0,0,330980,-0.7327477647372849,False,True,False
0,3,"Skoog, Mr. Wilhelm",0.8808048611941706,1,4,347088,0.7426980464063221,True,False,True
0,2,"del Carlo, Mr. Sebastiano",0.01967220926260087,1,0,SC/PARIS 2167,0.7294917864488313,True,False,False
0,3,"Barbara, Mrs. (Catherine David)",1.2722287938903387,0,1,2691,-0.2481988851585859,False,False,False
0,3,"Asim, Mr. Adola",0.4893809284980025,0,0,SOTON/O.Q. 3101310,-0.7938561952995141,True,False,True
0,3,"O'Brien, Mr. Thomas",-0.058612577276632744,1,0,370365,-0.17112797743791622,True,True,False
0,3,"Adahl, Mr. Mauritz Nils Martin",0.09795699580183448,0,0,C 7076,-0.7791170658826716,True,False,True
1,3,"Moussa, Mrs. (Mantoura Boulos)",-0.058612577276632744,0,0,2626,-0.7806499353420233,False,False,False
1,3,"Jermyn, Miss. Annie",-0.058612577276632744,0,0,14313,-0.7422692423405652,False,True,False
1,1,"Harder, Mr. George Achilles",-0.29346693689433356,1,0,11765,2.7724014497055847,True,False,False
0,3,"Wiklund, Mr. Jakob Alfred",-0.8414604426689688,1,0,3101267,-0.8346983229135849,True,False,True
0,3,"Beavan, Mr. William Thomas",-0.7631756561297353,0,0,323951,-0.7201605482153013,True,False,True
0,3,"Palsson, Miss. Stina Viola",-2.015732240757473,3,1,349909,0.23972525505656994,False,False,True
1,3,"Landergren, Miss. Aurora Adelia",-0.5283212965120344,0,0,C 7077,-0.7791170658826716,False,False,True
0,3,"Betros, Mr. Tannous",-0.6848908695905016,0,0,2648,-1.0177067233178105,True,False,False
0,3,"Gustafsson, Mr. Karl Gideon",-0.7631756561297353,0,0,347069,-0.7404268511634599,True,False,True
1,3,"Nakid, Miss. Maria (""Mary"")",-2.1723018138359405,0,2,2653,-0.153315739537662,False,False,False
0,3,"Tikkanen, Mr. Juho",0.25452656888030173,0,0,STON/O 2. 3101293,-0.7293725041008279,True,False,True
1,1,"Holverson, Mrs. Alexander Oskar (Mary Aline Towner)",0.4893809284980025,1,0,113789,2.51876314113585,False,False,True
0,3,"Plotcharsky, Mr. Vasil",-0.058612577276632744,0,0,349227,-0.7315244169956868,True,False,True
0,3,"Goodwin, Master. Sidney Leonard",-2.1723018138359405,5,2,CA 2144,2.142915341006365,True,False,True
1,2,"Buss, Miss. Kate",0.5676657150372362,0,0,27849,-0.3553670951484481,False,False,True
0,3,"Sadlier, Mr. Matthew",-0.058612577276632744,0,0,367655,-0.743802111799917,True,True,False
1,2,"Lehmann, Miss. Bertha",-0.9197452292082025,0,0,SC 1748,-0.4290627422326609,False,False,False
1,3,"Jansson, Mr. Carl Olof",-0.6066060830512681,0,0,350034,-0.7388939817041082,True,False,True
0,3,"Gustafsson, Mr. Johan Birger",-0.058612577276632744,2,0,3101277,-0.7293725041008279,True,False,True
1,3,"Sandstrom, Mrs. Hjalmar (Agnes Charlotta Bengtsson)",-0.37175172343356716,0,2,PP 9549,-0.08269320093686093,False,False,True
0,3,"Johansson, Mr. Erik",-0.5283212965120344,0,0,350052,-0.7388939817041082,True,False,True
0,3,"Olsson, Miss. Elina",0.1762417823410681,0,0,350407,-0.7345901559143904,False,False,True
0,2,"McKane, Mr. Peter David",1.3505135804295723,0,0,28403,0.602676316946318,True,False,True
0,2,"Pain, Dr. Alfred",-0.4500365099728008,0,0,244278,-0.53960621285898,True,False,True
1,2,"Trout, Mrs. William H (Jessie L)",-0.058612577276632744,0,0,240929,-0.38116057162792255,False,False,True
1,3,"Niskanen, Mr. Juha",0.802520074654937,0,0,STON/O 2. 3101289,-0.7293725041008279,True,False,True
0,3,"Adams, Mr. John",-0.21518215035509997,0,0,341826,-0.7201605482153013,True,False,True
0,3,"Jussila, Miss. Mari Aina",-0.6066060830512681,1,0,4137,-0.5893507746408237,False,False,True
0,3,"Hakkarainen, Mr. Pekka Pietari",-0.058612577276632744,1,0,STON/O2. 3101279,-0.14533450095844175,True,False,True
0,3,"Oreskovic, Miss. Marija",-0.6848908695905016,0,0,315096,-0.6750219643762211,False,False,True
0,2,"Gale, Mr. Shadrach",0.4110961419587689,1,0,28664,0.23419808152525404,True,False,True
0,3,"Widegren, Mr. Carl/Charles Peter",1.7419375131257404,0,0,347064,-0.7422692423405652,True,False,True
1,2,"Richards, Master. William Rowe",-2.015732240757473,1,1,29106,0.0683828755857753,True,False,True
0,3,"Birkeland, Mr. Hans Martin Monsen",-0.6066060830512681,0,0,312992,-0.7404268511634599,True,False,True
0,3,"Lefebre, Miss. Ida",-0.058612577276632744,3,1,4133,0.5633744283563072,False,False,True
0,3,"Sdycoff, Mr. Todor",-0.058612577276632744,0,0,349222,-0.7315244169956868,True,False,True
0,3,"Hart, Mr. Henry",-0.058612577276632744,0,0,394140,-0.8079836508455577,True,True,False
0,2,"Cunningham, Mr. Alfred Fleming",-0.058612577276632744,0,0,239853,-1.313410507243214,True,False,True
1,3,"Sundman, Mr. Johan Julian",1.193944007351105,0,0,STON/O 2. 3101269,-0.7293725041008279,True,False,True
0,3,"Meek, Mrs. Thomas (Annie Louise Rowley)",-0.058612577276632744,0,0,343095,-0.7201605482153013,False,False,True
1,2,"Drew, Mrs. James Vivian (Lulu Thorne Christian)",0.4110961419587689,1,1,28220,1.081698022993701,False,False,True
1,2,"Silven, Miss. Lyyli Karoliina",-0.8414604426689688,0,2,250652,-0.3553670951484481,False,False,True
0,2,"Matthews, Mr. William John",0.09795699580183448,0,0,28228,-0.3553670951484481,True,False,True
0,3,"Van Impe, Miss. Catharina",-1.4677387349828377,0,2,345773,0.46633936984052415,False,False,True
0,3,"Gheorgheff, Mr. Stanio",-0.058612577276632744,0,0,349254,-0.7315244169956868,True,False,False
0,3,"Charters, Mr. David",-0.6066060830512681,0,0,A/5. 13032,-0.7434999596468715,True,True,False
0,3,"Zimmerman, Mr. Leo",0.01967220926260087,0,0,315082,-0.7330572864550385,True,False,True
0,3,"Danbom, Mrs. Ernst Gilbert (Anna Sigrid Maria Brogren)",-0.058612577276632744,1,1,347080,-0.25219318923055023,False,False,True
0,3,"Rosblom, Mr. Viktor Richard",-0.8414604426689688,1,1,370129,0.1761627594464364,True,False,True
0,3,"Wiseman, Mr. Phillippe",-0.058612577276632744,0,0,A/4. 34244,-0.7791170658826716,True,False,True
1,2,"Clarke, Mrs. Charles V (Ada Maria Winfield)",-0.058612577276632744,1,0,2003,0.602676316946318,False,False,True
1,2,"Phillips, Miss. Kate Florence (""Mrs Kate Louise Phillips Marshall"")",-0.7631756561297353,0,0,250655,0.602676316946318,False,False,True
0,3,"Flynn, Mr. James",-0.058612577276632744,0,0,364851,-0.7422692423405652,True,True,False
1,3,"Pickard, Mr. Berk (Berk Trembisky)",0.25452656888030173,0,0,SOTON/O.Q. 392078,-0.7201605482153013,True,False,True
1,1,"Bjornstrom-Steffansson, Mr. Mauritz Hakan",-0.058612577276632744,0,0,110564,0.643208922842635,True,False,True
1,3,"Thorneycroft, Mrs. Percival (Florence Kate White)",-0.058612577276632744,1,0,376564,-0.12691058918738843,False,False,True
1,2,"Louch, Mrs. Charles Alexander (Alice Adelaide Slow)",1.0373744342726379,1,0,SC/AH 3085,0.602676316946318,False,False,True
0,3,"Kallio, Mr. Nikolai Erland",-0.9197452292082025,0,0,STON/O 2. 3101274,-0.7883290217681982,True,False,True
0,1,"Silvey, Mr. William Baird",1.6636527265865066,1,0,13507,2.80617616476428,True,False,True
0,3,"Ford, Miss. Doolina Margaret ""Daisy""",-0.6066060830512681,2,2,W./C. 6608,1.2198773612765998,False,False,True
1,2,"Richards, Mrs. Sidney (Emily Hocking)",-0.37175172343356716,2,3,29106,0.0683828755857753,False,False,True
0,2,"Kvillner, Mr. Johan Henrik Johannesson",0.1762417823410681,0,0,C.A. 18723,-0.53960621285898,True,False,True
1,2,"Hart, Mrs. Benjamin (Esther Ada Bloomfield)",1.2722287938903387,1,1,F.C.C. 13529,0.6211002287173711,False,False,True
0,3,"Hampe, Mr. Leon",-0.6848908695905016,0,0,345769,-0.6133018599431929,True,False,True
0,3,"Petterson, Mr. Johan Emil",-0.29346693689433356,1,0,347076,-0.7404268511634599,True,False,True
1,2,"Reynaldo, Ms. Encarnacion",-0.058612577276632744,0,0,230434,-0.3553670951484481,False,False,True
1,3,"Johannesen-Bratthammer, Mr. Bernt",-0.058612577276632744,0,0,65306,-0.715554570272538,True,False,True
1,2,"Mellinger, Miss. Madeleine Violet",-1.2328843753651368,0,1,250644,0.12365461089893488,False,False,True
1,1,"Seward, Mr. Frederic Kimber",0.4110961419587689,0,0,113794,0.643208922842635,True,False,True
1,3,"Baclini, Miss. Marie Catherine",-1.8591626676790058,2,1,2666,0.10584237299868055,False,False,False
1,1,"Peuchen, Major. Arthur Godfrey",1.820222299664974,0,0,113786,0.9343067288252753,True,False,True
0,2,"West, Mr. Edwy Arthur",0.5676657150372362,1,2,C.A. 34651,0.7316436993436902,True,False,True
0,3,"Hagland, Mr. Ingvald Olai Olsen",-0.058612577276632744,1,0,65303,0.15804836939313693,True,False,True
0,1,"Foreman, Mr. Benjamin Laventall",0.09795699580183448,0,0,113051,0.7316436993436902,True,False,False
0,3,"Peduzzi, Mr. Joseph",-0.058612577276632744,0,0,A/5 2817,-0.7201605482153013,True,False,True
1,3,"Jalsevac, Mr. Ivan",0.01967220926260087,0,0,349240,-0.7315244169956868,True,False,False
0,1,"Millet, Mr. Francis Davis",2.8379245246750107,0,0,13509,0.643208922842635,True,False,True
1,1,"Kenyon, Mrs. Frederick R (Marion)",-0.058612577276632744,1,0,17464,2.5086299896617703,False,False,True
1,2,"Toomey, Miss. Ellen",1.6636527265865066,0,0,F.C.C. 13531,-0.53960621285898,False,False,True
0,3,"O'Connor, Mr. Maurice",-0.058612577276632744,0,0,371060,-0.7422692423405652,True,True,False
1,1,"Anderson, Mr. Harry",1.5070831535080396,0,0,19952,0.643208922842635,True,False,True
0,3,"Morley, Mr. William",0.4110961419587689,0,0,364506,-0.7201605482153013,True,False,True
0,1,"Gee, Mr. Arthur H",1.4287983669688058,0,0,111320,1.5238719054989776,True,False,True
0,2,"Milling, Mr. Jacob Christian",1.5070831535080396,0,0,234360,-0.3553670951484481,True,False,True
0,3,"Maisner, Mr. Simon",-0.058612577276632744,0,0,A/S 2816,-0.7201605482153013,True,False,True
0,3,"Goncalves, Mr. Manuel Estanslas",0.7242352881157034,0,0,SOTON/O.Q. 3101306,-0.7938561952995141,True,False,True
0,2,"Campbell, Mr. William",-0.058612577276632744,0,0,239853,-1.313410507243214,True,False,True
0,1,"Smart, Mr. John Montgomery",2.1333614458219086,0,0,113792,0.643208922842635,True,False,True
0,3,"Scanlan, Mr. James",-0.058612577276632744,0,0,36209,-0.7441116335176705,True,True,False
1,3,"Baclini, Miss. Helene Barbara",-2.1918730104707485,2,1,2666,0.10584237299868055,False,False,False
0,3,"Keefe, Mr. Arthur",-0.058612577276632744,0,0,323592,-0.7791170658826716,True,False,True
0,3,"Cacic, Mr. Luka",0.7242352881157034,0,0,315089,-0.6750219643762211,True,False,True
1,2,"West, Mrs. Edwy Arthur (Ada Mary Worth)",0.3328113554195353,1,2,C.A. 34651,0.7316436993436902,False,False,True
1,2,"Jerwan, Mrs. Amin S (Marie Marthe Thuillard)",-0.4500365099728008,0,0,SC/AH Basle 541,-0.2970222513518768,False,False,False
0,3,"Strandberg, Miss. Ida Sofia",-0.5283212965120344,0,0,7553,-0.588429579052271,False,False,True
0,1,"Clifford, Mr. George Quincy",-0.058612577276632744,0,0,110465,2.51876314113585,True,False,True
0,2,"Renouf, Mr. Peter Henry",0.4110961419587689,1,0,31027,0.23419808152525404,True,False,True
0,3,"Braund, Mr. Lewis Richard",0.01967220926260087,1,0,3460,-0.7941657170172678,True,False,True
0,3,"Karlsson, Mr. Nils August",-0.5283212965120344,0,0,350060,-0.7591602846522667,True,False,True
1,3,"Hirvonen, Miss. Hildur E",-2.0940170272967067,0,1,3101298,-0.40787524369594974,False,False,True
0,3,"Goodwin, Master. Harold Victor",-1.5460235215220715,5,2,CA 2144,2.142915341006365,True,False,True
0,2,"Frost, Mr. Anthony Wood ""Archie""",-0.058612577276632744,0,0,239854,-1.313410507243214,True,False,True
0,3,"Rouse, Mr. Richard Henry",1.6636527265865066,0,0,A/5 3594,-0.7201605482153013,True,False,True
1,3,"Turkula, Mrs. (Hedwig)",2.6813549515965436,0,0,4134,-0.6068534908233242,False,False,True
0,3,"Lefebre, Miss. Jeannie",-0.058612577276632744,3,1,4133,0.5633744283563072,False,False,True
0,1,"Kent, Mr. Edward Austin",2.2899310189003756,0,0,11771,0.8753502111579051,True,False,False
0,3,"Somerton, Mr. Francis William",0.09795699580183448,0,0,A.5. 18509,-0.7201605482153013,True,False,True
1,3,"Coutts, Master. Eden Leslie ""Neville""",-1.5460235215220715,1,1,C.A. 37671,-0.14164971860423106,True,False,True
0,3,"Hagland, Mr. Konrad Mathias Reiersen",-0.058612577276632744,1,0,65304,0.15804836939313693,True,False,True
0,3,"Windelov, Mr. Einar",-0.6066060830512681,0,0,SOTON/OQ 3101317,-0.7791170658826716,True,False,True
0,1,"Molson, Mr. Harry Markland",2.055076659282675,0,0,113787,0.9343067288252753,True,False,True
0,1,"Artagaveytia, Mr. Ramon",3.3076332439104124,0,0,PC 17609,2.3348335451430717,True,False,False
0,3,"Stanley, Mr. Edward Roland",-0.6066060830512681,0,0,A/4 45380,-0.7201605482153013,True,False,True
0,3,"Yousseff, Mr. Gerious",-0.058612577276632744,0,0,2627,-0.2478967330055407,True,False,False
0,3,"Shellard, Mr. Frederick William",-0.058612577276632744,0,0,C.A. 6212,-0.20060623627160135,True,False,True
0,3,"Svensson, Mr. Olof",-0.37175172343356716,0,0,350035,-0.7388939817041082,True,False,True
0,3,"Calic, Mr. Petar",-0.9197452292082025,0,0,315086,-0.6750219643762211,True,False,True
0,3,"Canavan, Miss. Mary",-0.6066060830512681,0,0,364846,-0.7422692423405652,False,True,False
0,3,"O'Sullivan, Miss. Bridget Mary",-0.058612577276632744,0,0,330909,-0.751171676508338,False,True,False
0,3,"Laitinen, Miss. Kristina Sofia",0.6459505015764697,0,0,4135,-0.6068534908233242,False,False,True
1,2,"Quick, Mrs. Frederick Charles (Jane Richards)",0.3328113554195353,0,2,26360,0.602676316946318,False,False,True
1,1,"Bradley, Mr. George (""George Arthur Brayton"")",-0.058612577276632744,0,0,111427,0.643208922842635,True,False,True
0,3,"Olsen, Mr. Henry Margido",-0.058612577276632744,0,0,C 4001,0.3465839433286784,True,False,True
1,3,"Lang, Mr. Fang",-0.21518215035509997,0,0,1601,2.850084031297054,True,False,True
1,3,"Daly, Mr. Eugene Patrick",0.01967220926260087,0,0,382651,-0.7422692423405652,True,True,False
0,3,"Webber, Mr. James",-0.058612577276632744,0,0,SOTON/OQ 3101316,-0.7201605482153013,True,False,True
1,1,"McGough, Mr. James Robert",0.5676657150372362,0,0,PC 17473,0.6238638154830292,True,False,True
1,1,"Rothschild, Mrs. Martin (Elizabeth L. Barrett)",1.976791872743441,1,0,PC 17603,3.0641109295590243,False,False,False
0,3,"Coleff, Mr. Satio",-0.37175172343356716,0,0,349209,-0.7610026758293721,True,False,True
0,1,"Walker, Mr. William Anderson",1.4287983669688058,0,0,36967,1.1937743630793718,True,False,True
1,2,"Lemore, Mrs. (Amelia Milley)",0.4110961419587689,0,0,C.A. 34260,-0.53960621285898,False,False,True
0,3,"Ryan, Mr. Patrick",-0.058612577276632744,0,0,371110,0.46633936984052415,True,True,False
1,2,"Angle, Mrs. William A (Florence ""Mary"" Agnes Hughes)",0.5676657150372362,1,0,226875,0.602676316946318,False,False,True
0,3,"Pavlovic, Mr. Stefo",0.25452656888030173,0,0,349242,-0.7315244169956868,True,False,True
0,3,"Vovk, Mr. Janko",-0.5283212965120344,0,0,349252,-0.7315244169956868,True,False,True
0,3,"Lahoud, Mr. Sarkis",-0.058612577276632744,0,0,2624,-0.7809594570597769,True,False,False
1,1,"Hippach, Mrs. Louis Albert (Ida Sophia Fischer)",1.193944007351105,0,1,111361,2.959404154181775,False,False,False
0,3,"Kassem, Mr. Fared",-0.058612577276632744,0,0,2700,-0.7806499353420233,True,False,False
0,3,"Farrell, Mr. James",0.9199472544637874,0,0,367232,-0.7422692423405652,True,True,False
1,2,"Ridsdale, Miss. Lucy",1.6636527265865066,0,0,W./C. 14258,-0.53960621285898,False,False,True
0,3,"Salonen, Mr. Johan Werner",0.802520074654937,0,0,3101296,-0.7293725041008279,True,False,True
0,2,"Hocking, Mr. Richard George",-0.4500365099728008,2,1,29104,-0.4659105657747673,True,False,True
1,2,"Quick, Miss. Phyllis May",-2.0940170272967067,1,1,26360,0.602676316946318,False,False,True
0,3,"Toufik, Mr. Nakli",-0.058612577276632744,0,0,2641,-0.7806499353420233,True,False,False
0,3,"Elias, Mr. Joseph Jr",-0.9197452292082025,1,1,2690,-0.7806499353420233,True,False,False
1,3,"Peter, Mrs. Catherine (Catherine Rizk)",-0.058612577276632744,0,2,2668,0.33429887895974025,False,False,False
0,3,"Cacic, Miss. Marija",0.09795699580183448,0,0,315084,-0.6750219643762211,False,False,True
1,2,"Hart, Miss. Eva Miriam",-1.7025930946005385,0,2,F.C.C. 13529,0.6211002287173711,False,False,True
0,1,"Butt, Major. Archibald Willingham",1.2722287938903387,0,0,113050,0.643208922842635,True,False,True
0,3,"Risien, Mr. Samuel Beard",-0.058612577276632744,0,0,364498,-0.24482362452212897,True,False,True
1,1,"Frolicher, Miss. Hedwig Margaritha",-0.5283212965120344,0,2,13568,2.334524023425318,False,False,False
0,3,"Andersson, Miss. Ingeborg Constanzia",-1.5460235215220715,4,2,347082,0.9914208553155401,False,False,True
0,3,"Andersson, Miss. Sigrid Elisabeth",-1.3894539484436041,4,2,347082,0.9914208553155401,False,False,True
1,2,"Beane, Mr. Edward",0.25452656888030173,1,0,2908,0.602676316946318,True,False,True
0,1,"Nicholson, Mr. Arthur Ernest",2.7596397381357773,0,0,693,0.602676316946318,True,False,True
1,2,"Beane, Mrs. Edward (Ethel Clarke)",-0.7631756561297353,1,0,2908,0.602676316946318,False,False,True
1,2,"Padro y Manent, Mr. Julian",-0.058612577276632744,0,0,SC/PARIS 2146,-0.29180459953831456,True,False,False
0,3,"Goldsmith, Mr. Frank John",0.3328113554195353,1,1,363291,0.19919264916025287,True,False,True
1,2,"Davies, Master. John Morgan Jr",-1.624308308061305,1,1,C.A. 33112,1.3949045231016053,True,False,True
0,2,"Sharp, Mr. Percival James R",-0.13689736381586634,0,0,244358,0.602676316946318,True,False,True
0,3,"O'Brien, Mr. Timothy",-0.058612577276632744,0,0,330979,-0.7364325470914955,True,True,False
1,3,"Leeni, Mr. Fahim (""Philip Zenni"")",-0.5283212965120344,0,0,2620,-0.7809594570597769,True,False,False
1,3,"Ohman, Miss. Velin",-0.5283212965120344,0,0,347085,-0.7404268511634599,False,False,True
0,1,"Wright, Mr. George",2.60307016505731,0,0,113807,0.643208922842635,True,False,True
1,1,"Duff Gordon, Lady. (Lucille Christiana Sutherland) (""Mrs Morgan"")",1.5070831535080396,1,0,11755,1.6049371172916118,False,False,False
1,3,"de Messemaeker, Mrs. Guillaume Joseph (Emma)",0.5676657150372362,1,0,345572,-0.031106247977912043,False,False,True
0,3,"Morrow, Mr. Thomas Rowan",-0.058612577276632744,0,0,372622,-0.7422692423405652,True,True,False
0,3,"Sivic, Mr. Husein",0.8808048611941706,0,0,349251,-0.7315244169956868,True,False,True
0,2,"Norman, Mr. Robert Douglas",-0.058612577276632744,0,0,218629,-0.31851927160634175,True,False,True
0,3,"Simmons, Mr. John",-0.058612577276632744,0,0,SOTON/OQ 392082,-0.7201605482153013,True,False,True
0,3,"Meanwell, Miss. (Marion Ogden)",-0.058612577276632744,0,0,SOTON/O.Q. 392087,-0.7201605482153013,False,False,True
0,3,"Davies, Mr. Alfred J",-0.37175172343356716,2,0,A/4 48871,0.46633936984052415,True,False,True
0,3,"Stoytcheff, Mr. Ilia",-0.7631756561297353,0,0,349205,-0.7315244169956868,True,False,True
0,3,"Palsson, Mrs. Nils (Alma Cornelia Berglund)",0.01967220926260087,0,4,349909,0.23972525505656994,False,False,True
0,3,"Doharr, Mr. Tannous",-0.058612577276632744,0,0,2686,-0.7806499353420233,True,False,False
1,3,"Jonsson, Mr. Carl",0.25452656888030173,0,0,350417,-0.7345901559143904,True,False,True
1,2,"Harris, Mr. George",2.60307016505731,0,0,S.W./PP 752,-0.53960621285898,True,False,True
1,1,"Appleton, Mrs. Edward Dale (Charlotte Lamson)",1.8985070862042075,2,0,11769,2.480382448134392,False,False,True
1,1,"Flynn, Mr. John Irwin (""Irving"")",0.5676657150372362,0,0,PC 17474,0.6312333801914503,True,False,True
1,3,"Kelly, Miss. Mary",-0.058612577276632744,0,0,14312,-0.7422692423405652,False,True,False
0,3,"Rush, Mr. Alfred George John",-0.9980300157474361,0,0,A/4. 20589,-0.7201605482153013,True,False,True
0,3,"Patchett, Mr. George",-0.7631756561297353,0,0,358585,-0.24482362452212897,True,False,True
1,2,"Garside, Miss. Ethel",0.4110961419587689,0,0,243880,-0.3553670951484481,False,False,True
1,1,"Silvey, Mrs. William Baird (Alice Munger)",0.802520074654937,1,0,13507,2.80617616476428,False,False,True
0,3,"Caram, Mrs. Joseph (Maria Elias)",-0.058612577276632744,1,0,2689,-0.2478967330055407,False,False,False
1,3,"Jussila, Mr. Eiriik",0.25452656888030173,0,0,STON/O 2. 3101286,-0.7293725041008279,True,False,True
1,2,"Christy, Miss. Julie Rachel",-0.29346693689433356,1,1,237789,0.897458905283169,False,False,True
0,2,"Downton, Mr. William James",1.976791872743441,0,0,28403,0.602676316946318,True,False,True
0,1,"Ross, Mr. John Hugo",0.5676657150372362,0,0,13049,1.6436273320108232,True,False,False
0,3,"Paulner, Mr. Uscher",-0.058612577276632744,0,0,3411,-0.6713371820220103,True,False,False
0,2,"Jarvis, Mr. John Denzil",1.4287983669688058,0,0,237565,-0.20797580098002258,True,False,True
0,3,"Gilinski, Mr. Eliezer",-0.5283212965120344,0,0,14973,-0.7201605482153013,True,False,True
0,3,"Murdlin, Mr. Joseph",-0.058612577276632744,0,0,A./5. 3235,-0.7201605482153013,True,False,True
0,3,"Rintamaki, Mr. Matti",0.4893809284980025,0,0,STON/O 2. 3101273,-0.7883290217681982,True,False,True
0,3,"Elsbury, Mr. William James",1.4287983669688058,0,0,A/5 3902,-0.7791170658826716,True,False,True
0,3,"Bourke, Miss. Mary",-0.058612577276632744,0,2,364848,-0.7422692423405652,False,True,False
0,2,"Chapman, Mr. John Henry",0.6459505015764697,1,0,SC/AH 29037,0.602676316946318,True,False,True
0,3,"Van Impe, Mr. Jean Baptiste",0.5676657150372362,1,1,345773,0.46633936984052415,True,False,True
1,2,"Leitch, Miss. Jessie Wills",-0.058612577276632744,0,0,248727,1.1185458465358074,False,False,True
0,3,"Johnson, Mr. Alfred",1.585367940047273,0,0,LINE,-1.313410507243214,True,False,True
0,3,"Boulos, Mr. Hanna",-0.058612577276632744,0,0,2664,-0.7809594570597769,True,False,False
1,1,"Duff Gordon, Sir. Cosmo Edmund (""Mr Morgan"")",1.585367940047273,1,0,PC 17485,2.882023724743352,True,False,False
1,2,"Jacobsohn, Mrs. Sidney Samuel (Amy Frances Christy)",-0.37175172343356716,2,1,243847,0.6763719640305307,False,False,True
0,3,"Slabenoff, Mr. Petco",-0.058612577276632744,0,0,349214,-0.7315244169956868,True,False,True
0,1,"Harrington, Mr. Charles H",-0.058612577276632744,0,0,113796,1.8112849291274074,True,False,True
0,3,"Torber, Mr. Ernst William",1.193944007351105,0,0,364511,-0.7201605482153013,True,False,True
1,1,"Homer, Mr. Harry (""Mr E Haven"")",0.4893809284980025,0,0,111426,0.643208922842635,True,False,False
0,3,"Lindell, Mr. Edvard Bengtsson",0.5676657150372362,1,0,349910,-0.1674431950837055,True,False,True
0,3,"Karaic, Mr. Milan",0.09795699580183448,0,0,349246,-0.7315244169956868,True,False,True
1,1,"Daniel, Mr. Robert Williams",-0.13689736381586634,0,0,113804,0.9343067288252753,True,False,True
1,2,"Laroche, Mrs. Joseph (Juliette Marie Louise Lafargue)",-0.5283212965120344,1,2,SC/Paris 2123,1.7507955420006855,False,False,False
0,3,"Andersson, Mrs. Anders Johan (Alfrida Konstantia Brogren)",0.802520074654937,1,5,347082,0.9914208553155401,False,False,True
0,3,"Jardin, Mr. Jose Neto",-0.058612577276632744,0,0,SOTON/O.Q. 3101305,-0.7938561952995141,True,False,True
1,3,"Murphy, Miss. Margaret Jane",-0.058612577276632744,1,0,367230,-0.17112797743791622,False,True,False
0,3,"Horgan, Mr. John",-0.058612577276632744,0,0,370377,-0.7422692423405652,True,True,False
0,3,"Brocklebank, Mr. William Alfred",0.4893809284980025,0,0,364512,-0.7201605482153013,True,False,True
1,2,"Herman, Miss. Alice",-0.37175172343356716,1,2,220845,3.476806553230616,False,False,True
0,3,"Danbom, Mr. Ernst Gilbert",0.4110961419587689,1,1,347080,-0.25219318923055023,True,False,True
0,3,"Lobb, Mrs. William Arthur (Cordelia K Stanlick)",-0.21518215035509997,1,0,A/5. 3336,-0.12691058918738843,False,False,True
1,2,"Becker, Miss. Marion Louise",-1.9374474542182394,2,1,230136,1.560719729041084,False,False,True
0,2,"Gavey, Mr. Lawrence",-0.21518215035509997,0,0,31028,-0.53960621285898,True,False,True
0,3,"Yasbeck, Mr. Antoni",-0.13689736381586634,1,0,2659,-0.2481988851585859,True,False,False
1,1,"Kimball, Mr. Edwin Nelson Jr",1.0373744342726379,1,0,11753,2.559605268749921,True,False,True
1,3,"Nakid, Mr. Sahid",-0.6848908695905016,1,1,2653,-0.153315739537662,True,False,False
0,3,"Hansen, Mr. Henry Damsgaard",-0.6066060830512681,0,0,350029,-0.7345901559143904,True,False,True
0,3,"Bowen, Mr. David John ""Dai""",-0.6066060830512681,0,0,54636,-0.12691058918738843,True,False,True
0,1,"Sutton, Mr. Frederick",2.5247853785180765,0,0,36963,1.0684917630362099,True,False,True
0,2,"Kirkland, Rev. Charles Leonard",2.211646232361142,0,0,219533,-0.40326926575318645,True,True,False
0,3,"Bostandyeff, Mr. Guentcho",-0.21518215035509997,0,0,349224,-0.7315244169956868,True,False,True
0,3,"O'Connell, Mr. Patrick D",-0.058612577276632744,0,0,334912,-0.7434999596468715,True,True,False
1,1,"Barkworth, Mr. Algernon Henry Wilson",4.012196322763515,0,0,27042,0.897458905283169,True,False,True
0,3,"Lundahl, Mr. Johan Svensson",1.7419375131257404,0,0,347743,-0.7935466735817605,True,False,True
1,1,"Stahelin-Maeglin, Dr. Max",0.25452656888030173,0,0,13214,0.9343067288252753,True,False,False
0,1,"Parr, Mr. William Henry Marsh",-0.058612577276632744,0,0,112052,-1.313410507243214,True,False,True
0,3,"Skoog, Miss. Mabel",-1.5460235215220715,3,2,347088,0.7426980464063221,False,False,True
1,2,"Davis, Miss. Mary",-0.058612577276632744,0,0,237668,-0.3553670951484481,False,False,True
0,3,"Leinonen, Mr. Antti Gustaf",0.25452656888030173,0,0,STON/O 2. 3101292,-0.7293725041008279,True,False,True
0,2,"Collyer, Mr. Harvey",0.1762417823410681,1,1,C.A. 31921,0.6211002287173711,True,False,True
0,3,"Panula, Mrs. Juha (Maria Emilia Ojala)",0.9590896477334042,0,5,3101295,1.6113854864114803,False,False,True
0,3,"Thorneycroft, Mr. Percival",-0.058612577276632744,1,0,376564,-0.12691058918738843,True,False,True
0,3,"Jensen, Mr. Hans Peder",-0.6848908695905016,0,0,350050,-0.7345901559143904,True,False,True
0,3,"Skoog, Miss. Margit Elizabeth",-2.0940170272967067,3,2,347088,0.7426980464063221,False,False,True
1,3,"Foo, Mr. Choong",-0.058612577276632744,0,0,1601,2.850084031297054,True,False,True
1,3,"Baclini, Miss. Eugenie",-2.1918730104707485,2,1,2666,0.10584237299868055,False,False,False
0,3,"Cor, Mr. Liudevit",-0.7631756561297353,0,0,349231,-0.7315244169956868,True,False,True
1,1,"Simonius-Blumer, Col. Oberst Alfons",2.1333614458219086,0,0,13213,1.3027849642463392,True,False,False
0,3,"Willey, Mr. Edward",-0.058612577276632744,0,0,S.O./P.P. 751,-0.7570083717574076,True,False,True
1,3,"Stanley, Miss. Amy Zillah Elsie",-0.4500365099728008,0,0,CA. 2314,-0.7570083717574076,False,False,True
0,3,"Mitkoff, Mr. Mito",-0.058612577276632744,0,0,349221,-0.7315244169956868,True,False,True
1,2,"Doling, Miss. Elsie",-0.8414604426689688,0,1,231919,0.38158937569367957,False,False,True
0,3,"Kalvik, Mr. Johannes Halvorsen",-0.6066060830512681,0,0,8475,-0.6919130066879227,True,False,True
1,3,"O'Leary, Miss. Hanora ""Norah""",-0.058612577276632744,0,0,330919,-0.7364325470914955,False,True,False
0,3,"Hegarty, Miss. Hanora ""Nora""",-0.8414604426689688,0,0,365226,-0.815964889424778,False,True,False
0,3,"Radeff, Mr. Alexander",-0.058612577276632744,0,0,349223,-0.7315244169956868,True,False,True
0,3,"Bourke, Mrs. John (Catherine)",0.25452656888030173,1,1,364849,-0.17112797743791622,False,True,False
0,2,"Eitemiller, Mr. George Floyd",-0.4500365099728008,0,0,29751,-0.3553670951484481,True,False,True
0,3,"Badt, Mr. Mohamed",0.8808048611941706,0,0,2623,-0.7809594570597769,True,False,False
0,1,"Colley, Mr. Edward Pomeroy",1.4287983669688058,0,0,5727,0.57227686252408,True,False,True
0,3,"Coleff, Mr. Peju",0.5676657150372362,0,0,349210,-0.7610026758293721,True,False,True
1,3,"Lindqvist, Mr. Eino William",-0.6848908695905016,1,0,STON/O 2. 3101285,-0.7293725041008279,True,False,True
0,2,"Butler, Mr. Reginald Fenton",-0.29346693689433356,0,0,234686,-0.3553670951484481,True,False,True
0,3,"Rommetvedt, Mr. Knud Paust",-0.058612577276632744,0,0,312993,-0.7404268511634599,True,False,True
0,3,"Cook, Mr. Jacob",1.1156592208118714,0,0,A/5 3536,-0.7201605482153013,True,False,True
1,1,"Taylor, Mrs. Elmer Zebley (Juliet Cummins Wright)",-0.058612577276632744,1,0,19996,2.51876314113585,False,False,True
1,2,"Brown, Mrs. Thomas William Solomon (Elizabeth Catherine Ford)",0.8808048611941706,1,1,29750,1.560719729041084,False,False,True
0,1,"Davidson, Mr. Thornton",0.1762417823410681,1,0,F.C. 12750,2.51876314113585,True,False,True
0,2,"Mitchell, Mr. Henry Michael",3.229348457371179,0,0,C.A. 24580,-0.53960621285898,True,False,True
1,2,"Wilhelms, Mr. Charles",0.1762417823410681,0,0,244270,-0.3553670951484481,True,False,True
0,2,"Watson, Mr. Ennis Hastings",-0.058612577276632744,0,0,239856,-1.313410507243214,True,False,True
0,3,"Edvardsson, Mr. Gustaf Hjalmar",-0.8414604426689688,0,0,349912,-0.7404268511634599,True,False,True
0,3,"Sawyer, Mr. Frederick Charles",-0.3326093301639504,0,0,342826,-0.7201605482153013,True,False,True
1,3,"Turja, Miss. Anna Sofia",-0.8414604426689688,0,0,4138,-0.5881200573345173,False,False,True
0,3,"Goodwin, Mrs. Frederick (Augusta Tyler)",1.1156592208118714,1,6,CA 2144,2.142915341006365,False,False,True
0,3,"Peters, Miss. Katie",-0.058612577276632744,0,0,330935,-0.7137121790954328,False,True,False
0,3,"Olsvigen, Mr. Thor Anderson",-0.6848908695905016,0,0,6563,-0.6335681628913514,True,False,True
0,3,"Goodwin, Mr. Charles Edward",-1.1545995888259033,5,2,CA 2144,2.142915341006365,True,False,True
0,2,"Brown, Mr. Thomas William Solomon",2.4465005919788427,1,1,29750,1.560719729041084,True,False,True
0,2,"Laroche, Mr. Joseph Philippe Lemercier",-0.29346693689433356,1,2,SC/Paris 2123,1.7507955420006855,True,False,False
0,3,"Panula, Mr. Jaako Arnold",-1.1545995888259033,4,1,3101295,1.6113854864114803,True,False,True
0,3,"Dakic, Mr. Branko",-0.7631756561297353,0,0,349228,-0.5638668198791029,True,False,True
0,3,"Fischer, Mr. Eberhard Thelander",-0.8414604426689688,0,0,350036,-0.7388939817041082,True,False,True
1,1,"Dick, Mr. Albert Adrian",0.1762417823410681,1,0,17474,2.887241376556914,True,False,True
1,3,"Karun, Miss. Manca",-1.9374474542182394,0,1,349256,-0.32465811900845665,False,False,False
1,3,"Lam, Mr. Ali",-0.058612577276632744,0,0,1601,2.850084031297054,True,False,True
0,3,"Saad, Mr. Khalil",-0.29346693689433356,0,0,2672,-0.7809594570597769,True,False,False
0,1,"Weir, Col. John",2.4465005919788427,0,0,113800,0.643208922842635,True,False,True
0,2,"Chapman, Mr. Charles Henry",1.820222299664974,0,0,248731,-0.31851927160634175,True,False,True
0,3,"Kelly, Mr. James",1.193944007351105,0,0,363592,-0.7201605482153013,True,False,True
1,3,"Mullens, Miss. Katherine ""Katie""",-0.058612577276632744,0,0,35852,-0.7434999596468715,False,True,False
0,3,"Humblen, Mr. Adolf Mathias Nicolai Olsen",1.0373744342726379,0,0,348121,-0.7496388070489864,True,False,True
1,1,"Silverthorne, Mr. Spencer Victor",0.4893809284980025,0,0,PC 17475,0.6238638154830292,True,False,True
0,3,"Barbara, Miss. Saiide",-0.8414604426689688,0,1,2691,-0.2481988851585859,False,False,False
0,3,"Gallagher, Mr. Martin",-0.29346693689433356,0,0,36864,-0.7428809162113642,True,True,False
0,3,"Hansen, Mr. Henrik Juul",-0.21518215035509997,1,0,350025,-0.7345901559143904,True,False,True
0,2,"Morley, Mr. Henry Samuel (""Mr Henry Marshall"")",0.802520074654937,0,0,250655,0.602676316946318,True,False,True
1,2,"Kelly, Mrs. Florence ""Fannie""",1.2722287938903387,0,0,223596,-0.31851927160634175,False,False,True
1,1,"Calderhead, Mr. Edward Pennington",1.0373744342726379,0,0,PC 17476,0.6238638154830292,True,False,True
1,3,"Moubarek, Master. Halim Gonios (""William George"")",-0.058612577276632744,1,1,2661,-0.18986141092672315,True,False,False
1,1,"Mayne, Mlle. Berthe Antonine (""Mrs de Villiers"")",-0.37175172343356716,0,0,PC 17482,2.3348335451430717,False,False,False
0,1,"Klaber, Mr. Herman",-0.058612577276632744,0,0,113028,0.643208922842635,True,False,True
1,1,"Taylor, Mr. Elmer Zebley",1.5070831535080396,1,0,19996,2.51876314113585,True,False,True
0,3,"Larsson, Mr. August Viktor",0.01967220926260087,0,0,7545,-0.6145325772494992,True,False,True
0,2,"Greenberg, Mr. Samuel",1.820222299664974,0,0,250647,-0.3553670951484481,True,False,True
0,3,"Soholt, Mr. Peter Andreas Lauritz Andersen",-0.7631756561297353,0,0,348124,-0.7496388070489864,True,False,True
1,2,"Troutt, Miss. Edwina Celia ""Winnie""",-0.13689736381586634,0,0,34218,-0.53960621285898,False,False,True
0,3,"McEvoy, Mr. Michael",-0.058612577276632744,0,0,36568,-0.17112797743791622,True,True,False
0,3,"Johnson, Mr. Malkolm Joackim",0.3328113554195353,0,0,347062,-0.7404268511634599,True,False,True
1,2,"Harper, Miss. Annie Jessie ""Nina""",-1.780877881139772,0,1,248727,1.1185458465358074,False,False,True
0,3,"Jensen, Mr. Svend Lauritz",-0.9197452292082025,1,0,350048,-0.7935466735817605,True,False,True
0,2,"Gillespie, Mr. William Henry",0.4110961419587689,0,0,12233,-0.3553670951484481,True,False,True
0,2,"Hodges, Mr. Henry Price",1.6636527265865066,0,0,250643,-0.3553670951484481,True,False,True
1,1,"Chambers, Mr. Norman Campbell",-0.13689736381586634,1,0,113806,2.5998283529284842,True,False,True
0,3,"Oreskovic, Mr. Luka",-0.6848908695905016,0,0,315094,-0.6750219643762211,True,False,True
1,2,"Renouf, Mrs. Peter Henry (Lillian Jefferys)",0.09795699580183448,3,0,31027,0.23419808152525404,False,False,True
1,3,"Mannion, Miss. Margareth",-0.058612577276632744,0,0,36866,-0.7431904379291178,False,True,False
0,2,"Bryhl, Mr. Kurt Arnold Gottfrid",-0.29346693689433356,1,0,236853,0.602676316946318,True,False,True
0,3,"Ilmakangas, Miss. Pieta Sofia",-0.29346693689433356,1,0,STON/O2. 3101271,-0.7293725041008279,False,False,True
0,3,"Hassan, Mr. Houssein G N",-1.3894539484436041,0,0,2699,0.07114646235143339,True,False,False
0,2,"Knight, Mr. Robert J",-0.058612577276632744,0,0,239855,-1.313410507243214,True,False,True
0,2,"Berriman, Mr. William John",-0.4500365099728008,0,0,28425,-0.3553670951484481,True,False,True
0,2,"Troupiansky, Mr. Moses Aaron",-0.4500365099728008,0,0,233639,-0.3553670951484481,True,False,True
0,3,"Williams, Mr. Leslie",-0.019470184007015934,0,0,54636,-0.12691058918738843,True,False,True
0,3,"Ford, Mrs. Edward (Margaret Ann Watson)",1.5070831535080396,1,3,W./C. 6608,1.2198773612765998,False,False,True
0,3,"Ivanoff, Mr. Kanio",-0.058612577276632744,0,0,349201,-0.7315244169956868,True,False,True
0,3,"Nankoff, Mr. Minko",-0.058612577276632744,0,0,349218,-0.7315244169956868,True,False,True
1,1,"Hawksford, Mr. Walter James",-0.058612577276632744,0,0,16988,0.897458905283169,True,False,True
0,3,"McNamee, Mr. Neal",-0.37175172343356716,1,0,376566,-0.12691058918738843,True,False,True
1,3,"Stranden, Mr. Juho",0.1762417823410681,0,0,STON/O 2. 3101288,-0.7293725041008279,True,False,True
0,3,"Abbott, Mr. Rossmore Edward",-0.9980300157474361,1,1,C.A. 2673,0.17892634621209447,True,False,True
1,2,"Sinkkonen, Miss. Anna",0.09795699580183448,0,0,250648,-0.3553670951484481,False,False,True
0,1,"Marvin, Mr. Daniel Warner",-0.7631756561297353,1,0,113773,2.5998283529284842,True,False,True
0,3,"Connaghton, Mr. Michael",0.1762417823410681,0,0,335097,-0.7422692423405652,True,True,False
1,2,"Wells, Miss. Joan",-1.9374474542182394,1,1,29103,0.38158937569367957,False,False,True
1,3,"Moor, Master. Meier",-1.780877881139772,0,1,392096,-0.39405730986765986,True,False,True
0,3,"Vande Velde, Mr. Johannes Joseph",0.3328113554195353,0,0,345780,-0.6133018599431929,True,False,True
0,3,"Jonkoff, Mr. Lalio",-0.4500365099728008,0,0,349204,-0.7315244169956868,True,False,True
1,2,"Herman, Mrs. Samuel (Jane Laver)",1.5070831535080396,1,2,220845,3.476806553230616,False,False,True
1,2,"Hamalainen, Master. Viljo",-2.198135793393887,1,1,250649,-0.24482362452212897,True,False,True
0,3,"Carlsson, Mr. August Sigfrid",-0.058612577276632744,0,0,350042,-0.7388939817041082,True,False,True
0,2,"Bailey, Mr. Percy Andrew",-0.8414604426689688,0,0,29108,-0.4659105657747673,True,False,True
0,3,"Theobald, Mr. Thomas Leonard",0.4110961419587689,0,0,363294,-0.7201605482153013,True,False,True
0,3,"Garfirth, Mr. John",-0.058612577276632744,0,0,358585,-0.24482362452212897,True,False,True
0,3,"Nirva, Mr. Iisakki Antino Aijo",0.9590896477334042,0,0,SOTON/O2 3101272,-0.7883290217681982,True,False,True
1,3,"Barah, Mr. Hanna Assi",-0.6848908695905016,0,0,2663,-0.7806499353420233,True,False,False
0,3,"Eklund, Mr. Hans Linus",-0.9980300157474361,0,0,347074,-0.7404268511634599,True,False,True
0,1,"Brewe, Dr. Arthur Jackson",-0.058612577276632744,0,0,112379,1.6049371172916118,True,False,False
0,3,"Mangan, Miss. Mary",0.13709938907145128,0,0,364850,-0.7422692423405652,False,True,False
0,3,"Moran, Mr. Daniel J",-0.058612577276632744,1,0,371110,0.46633936984052415,True,True,False
0,3,"Gronnestad, Mr. Daniel Danielsen",0.25452656888030173,0,0,8471,-0.6971306585014848,True,False,True
0,3,"Lievens, Mr. Rene Aime",-0.37175172343356716,0,0,345781,-0.6133018599431929,True,False,True
0,3,"Jensen, Mr. Niels Peder",1.5070831535080396,0,0,350047,-0.7345901559143904,True,False,True
0,2,"Mack, Mrs. (Mary)",2.211646232361142,0,0,S.O./P.P. 3,-0.53960621285898,False,False,True
0,3,"Elias, Mr. Dibo",-0.058612577276632744,0,0,2674,-0.7809594570597769,True,False,False
1,2,"Hocking, Mrs. Elizabeth (Eliza Needs)",1.976791872743441,1,3,29105,0.38158937569367957,False,False,True
0,3,"Myhrman, Mr. Pehr Fabian Oliver Malkolm",-0.8414604426689688,0,0,347078,-0.7422692423405652,True,False,True
0,3,"Tobin, Mr. Roger",-0.058612577276632744,0,0,383121,-0.7422692423405652,True,True,False
1,3,"Emanuel, Miss. Virginia Ethel",-1.8591626676790058,0,0,364516,-0.39405730986765986,False,False,True
0,3,"Kilgannon, Mr. Thomas J",-0.058612577276632744,0,0,36865,-0.7431904379291178,True,True,False
1,3,"Ayoub, Miss. Banoura",-1.2328843753651368,0,0,2687,-0.7806499353420233,False,False,False
1,1,"Dick, Mrs. Albert Adrian (Vera Gillespie)",-0.9197452292082025,1,0,17474,2.887241376556914,False,False,True
0,1,"Long, Mr. Milton Clyde",0.01967220926260087,0,0,113501,0.897458905283169,True,False,True
0,3,"Johnston, Mr. Andrew G",-0.058612577276632744,1,2,W./C. 6607,0.41475241688157527,True,False,True
0,3,"Ali, Mr. William",-0.29346693689433356,0,0,SOTON/O.Q. 3101312,-0.7938561952995141,True,False,True
0,3,"Harmer, Mr. Abraham (David Lishin)",-0.29346693689433356,0,0,374887,-0.7791170658826716,True,False,True
1,3,"Sjoblom, Miss. Anna Sofia",-0.8414604426689688,0,0,3101265,-0.7610026758293721,False,False,True
0,3,"Rice, Master. George Hugh",-1.624308308061305,4,1,382652,0.8329752140844828,True,True,False
1,3,"Dean, Master. Bertram Vere",-2.1723018138359405,1,2,C.A. 2315,0.20287743151446355,True,False,True
0,3,"Keane, Mr. Andrew ""Andy""",-0.058612577276632744,0,0,12460,-0.7422692423405652,True,True,False
0,2,"Gaskell, Mr. Alfred",-0.9980300157474361,0,0,239865,0.602676316946318,True,False,True
0,1,"Hoyt, Mr. William Fisher",-0.058612577276632744,0,0,PC 17600,0.9487363365243642,True,False,False
0,3,"Dantcheff, Mr. Ristiu",-0.29346693689433356,0,0,349203,-0.7315244169956868,True,False,True
0,2,"Otter, Mr. Richard",0.802520074654937,0,0,28213,-0.3553670951484481,True,False,True
1,1,"Leader, Dr. Alice (Farnham)",1.585367940047273,0,0,17465,0.5974586651327558,False,False,True
1,3,"Osman, Mrs. Mara",0.1762417823410681,0,0,349244,-0.6734890949168695,False,False,True
0,3,"Ibrahim Shawah, Mr. Yousseff",0.09795699580183448,0,0,2685,-0.7806499353420233,True,False,False
0,3,"Van Impe, Mrs. Jean Baptiste (Rosalie Paula Govaert)",0.09795699580183448,1,1,345773,0.46633936984052415,False,False,True
0,2,"Ponesell, Mr. Martin",0.4110961419587689,0,0,250647,-0.3553670951484481,True,False,True
1,2,"Collyer, Mrs. Harvey (Charlotte Annie Tate)",0.1762417823410681,1,1,C.A. 31921,0.6211002287173711,False,False,True
1,3,"Thomas, Master. Assad Alexander",-2.2177069900286956,0,1,2625,-0.6857667897210993,True,False,False
1,3,"Hedman, Mr. Oskar Arvid",-0.13689736381586634,0,0,347089,-0.7993833688308302,True,False,True
0,3,"Johansson, Mr. Karl Johan",0.1762417823410681,0,0,347063,-0.7404268511634599,True,False,True
0,1,"Andrews, Mr. Thomas Jr",0.802520074654937,0,0,112050,-1.313410507243214,True,False,True
0,3,"Pettersson, Miss. Ellen Natalia",-0.8414604426689688,0,0,347087,-0.7404268511634599,False,False,True
0,2,"Meyer, Mr. August",0.802520074654937,0,0,248723,-0.3553670951484481,True,False,True
1,1,"Chambers, Mrs. Norman Campbell (Bertha Griggs)",0.3328113554195353,1,0,113806,2.5998283529284842,False,False,True
0,3,"Alexander, Mr. William",-0.21518215035509997,0,0,3474,-0.732136090866486,True,False,True
0,3,"Lester, Mr. James",0.802520074654937,0,0,A/4 48871,0.46633936984052415,True,False,True
0,2,"Slemen, Mr. Richard James",0.4893809284980025,0,0,28206,-0.53960621285898,True,False,True
0,3,"Andersson, Miss. Ebba Iris Alfrida",-1.780877881139772,4,2,347082,0.9914208553155401,False,False,True
0,3,"Tomlin, Mr. Ernest Portage",0.13709938907145128,0,0,364499,-0.7201605482153013,True,False,True
0,1,"Fry, Mr. Richard",-0.058612577276632744,0,0,112058,-1.313410507243214,True,False,True
0,3,"Heininen, Miss. Wendla Maria",-0.4500365099728008,0,0,STON/O2. 3101290,-0.7293725041008279,False,False,True
0,2,"Mallet, Mr. Albert",0.1762417823410681,1,1,S.C./PARIS 2079,1.4136379565904118,True,False,False
0,3,"Holm, Mr. John Fredrik Alexander",1.1156592208118714,0,0,C 7075,-0.8380735835500418,True,False,True
0,3,"Skoog, Master. Karl Thorsten",-1.4677387349828377,3,2,347088,0.7426980464063221,True,False,True
1,3,"Lulic, Mr. Nikola",-0.13689736381586634,0,0,315098,-0.6750219643762211,True,False,True
0,1,"Reuchlin, Jonkheer. John George",0.7242352881157034,0,0,19972,-1.313410507243214,True,False,True
1,3,"Moor, Mrs. (Beila)",-0.13689736381586634,0,1,392096,-0.39405730986765986,False,False,True
0,3,"Panula, Master. Urho Abraham",-2.0940170272967067,4,1,3101295,1.6113854864114803,True,False,True
0,3,"Flynn, Mr. John",-0.058612577276632744,0,0,368323,-0.8012257600079354,True,True,False
0,3,"Lam, Mr. Len",-0.058612577276632744,0,0,1601,2.850084031297054,True,False,True
1,2,"Mallet, Master. Andre",-2.1723018138359405,0,2,S.C./PARIS 2079,1.4136379565904118,True,False,False
1,3,"McCormack, Mr. Thomas Joseph",-0.058612577276632744,0,0,367228,-0.7422692423405652,True,True,False
1,3,"Yasbeck, Mrs. Antoni (Selini Alexander)",-1.0763148022866698,1,0,2659,-0.2481988851585859,False,False,False
1,2,"Richards, Master. George Sibley",-2.18561022754761,1,1,29106,0.0683828755857753,True,False,True
0,3,"Saad, Mr. Amin",-0.058612577276632744,0,0,2671,-0.7806499353420233,True,False,False
0,3,"Augustsson, Mr. Albert",-0.4500365099728008,0,0,347468,-0.7345901559143904,True,False,True
0,3,"Allum, Mr. Owen George",-0.8414604426689688,0,0,2223,-0.7017366364442481,True,False,True
0,3,"Pasic, Mr. Jakob",-0.6066060830512681,0,0,315097,-0.6750219643762211,True,False,True
0,3,"Sirota, Mr. Maurice",-0.058612577276632744,0,0,392092,-0.7201605482153013,True,False,True
1,3,"Chip, Mr. Chang",0.25452656888030173,0,0,1601,2.850084031297054,True,False,True
1,1,"Marechal, Mr. Pierre",-0.058612577276632744,0,0,11774,0.8753502111579051,True,False,False
0,3,"Alhomaki, Mr. Ilmari Rudolf",-0.6848908695905016,0,0,SOTON/O2 3101287,-0.7293725041008279,True,False,True
0,2,"Mudd, Mr. Thomas Charles",-0.9980300157474361,0,0,S.O./P.P. 3,-0.53960621285898,True,False,True
1,1,"Serepeca, Miss. Augusta",0.09795699580183448,0,0,113798,0.9711545523673818,False,False,False
0,3,"Lemberopolous, Mr. Peter L",0.45023853522838575,0,0,2683,-0.8389947791385944,True,False,False
0,3,"Culumovic, Mr. Jeso",-0.9197452292082025,0,0,315090,-0.6750219643762211,True,False,True
0,3,"Abbing, Mr. Anthony",1.0373744342726379,0,0,C.A. 5547,-0.7570083717574076,True,False,True
0,3,"Markoff, Mr. Marin",0.4893809284980025,0,0,349213,-0.7315244169956868,True,False,False
0,2,"Harper, Rev. John",-0.058612577276632744,0,1,248727,1.1185458465358074,True,False,True
0,3,"Andersson, Master. Sigvard Harald Elias",-1.9374474542182394,4,2,347082,0.9914208553155401,True,False,True
0,3,"Svensson, Mr. Johan",3.542487603528113,0,0,347060,-0.7404268511634599,True,False,True
0,3,"Boulos, Miss. Nourelain",-1.5460235215220715,1,1,2678,-0.18986141092672315,False,False,False
1,1,"Lines, Miss. Mary Conover",-0.9980300157474361,0,1,PC 17592,1.590197987874769,False,False,True
0,2,"Carter, Mrs. Ernest Courtenay (Lilian Hughes)",1.193944007351105,1,0,244252,0.602676316946318,False,False,True
1,3,"Aks, Mrs. Sam (Leah Rosen)",-0.8414604426689688,0,1,392091,-0.6243562070058247,False,False,True
1,1,"Daly, Mr. Peter Denis ",1.7419375131257404,0,0,113055,0.643208922842635,True,False,True
1,3,"Baclini, Mrs. Solomon (Latifa Qurban)",-0.37175172343356716,0,3,2666,0.10584237299868055,False,False,False
0,3,"Razi, Mr. Raihed",-0.058612577276632744,0,0,2629,-0.7806499353420233,True,False,False
0,3,"Hansen, Mr. Claus Peter",0.9590896477334042,2,0,350026,-0.27369020948501516,True,False,True
0,2,"Giles, Mr. Frederick Edward",-0.6066060830512681,1,0,28134,-0.4659105657747673,True,False,True
1,1,"Swift, Mrs. Frederick Joel (Margaret Welles Barron)",1.5070831535080396,0,0,17466,0.5974586651327558,False,False,True
0,2,"Gill, Mr. John William",-0.37175172343356716,0,0,233866,-0.3553670951484481,True,False,True
1,2,"Bystrom, Mrs. (Karolina)",1.0373744342726379,0,0,236852,-0.3553670951484481,False,False,True
1,2,"Duran y More, Miss. Asuncion",-0.13689736381586634,1,0,SC/PARIS 2149,-0.29211412125606834,False,False,False
0,1,"Roebling, Mr. Washington Augustus II",0.1762417823410681,0,0,PC 17590,2.4079101487917773,True,False,True
0,3,"van Melkebeke, Mr. Philemon",-0.058612577276632744,0,0,345777,-0.6133018599431929,True,False,True
1,3,"Johnson, Master. Harold Theodor",-1.9374474542182394,1,1,347742,-0.4929347595605481,True,False,True
0,3,"Balkic, Mr. Cerin",-0.21518215035509997,0,0,349248,-0.7315244169956868,True,False,True
1,1,"Beckwith, Mrs. Richard Leonard (Sallie Monypeny)",1.4287983669688058,1,1,11751,2.559605268749921,False,False,True
0,1,"Carlsson, Mr. Frans Olof",0.3328113554195353,0,0,695,-0.9449322718221503,True,False,True
0,3,"Vander Cruyssen, Mr. Victor",1.4287983669688058,0,0,345765,-0.6501496834852992,True,False,True
1,2,"Abelson, Mrs. Samuel (Hannah Wizosky)",-0.058612577276632744,1,0,P/PP 3381,0.45528502277789235,False,False,False
1,3,"Najib, Miss. Adele Kiamie ""Jane""",-1.0763148022866698,0,0,2667,-0.7809594570597769,False,False,False
0,3,"Gustafsson, Mr. Alfred Ossian",-0.6848908695905016,0,0,7534,-0.587817905181472,True,False,True
0,3,"Petroff, Mr. Nedelio",-0.7631756561297353,0,0,349212,-0.7315244169956868,True,False,True
0,3,"Laleff, Mr. Kristo",-0.058612577276632744,0,0,349217,-0.7315244169956868,True,False,True
1,2,"Shelley, Mrs. William (Imanita Parrish Hall)",-0.29346693689433356,0,1,230433,0.602676316946318,False,False,True
0,3,"Markun, Mr. Johann",0.3328113554195353,0,0,349257,-0.7315244169956868,True,False,True
0,3,"Dahlberg, Miss. Gerda Ulrika",-0.5283212965120344,0,0,7552,-0.5383754955526737,False,False,True
0,2,"Banfield, Mr. Frederick James",-0.058612577276632744,0,0,C.A./SOTON 34068,-0.53960621285898,True,False,True
0,3,"Sutehall, Mr. Henry Jr",-0.29346693689433356,0,0,SOTON/OQ 392076,-0.7938561952995141,True,False,True
0,3,"Rice, Mrs. William (Margaret Norton)",0.802520074654937,0,5,382652,0.8329752140844828,False,True,False
0,2,"Montvila, Rev. Juozas",-0.13689736381586634,0,0,211536,-0.3553670951484481,True,False,True
1,1,"Graham, Miss. Margaret Edith",-0.7631756561297353,0,0,112053,0.897458905283169,False,False,True
0,3,"Johnston, Miss. Catherine Helen ""Carrie""",-0.058612577276632744,1,2,W./C. 6607,0.41475241688157527,False,False,True
1,1,"Behr, Mr. Karl Howell",-0.21518215035509997,0,0,111369,0.897458905283169,True,False,False
0,3,"Dooley, Mr. Patrick",0.25452656888030173,0,0,370376,-0.7422692423405652,True,True,False
